url,title,meta_description,h1,estado,destino_301
"https://brototermic.com/","Componentes Industriales e Instrumentación|BROTOTERMIC Vitoria","BROTOTERMIC, S.L. Distribuciones industriales e Instrumentales.","BROTOTERMIC Instrumentación Industrial.","MANTENER",""
"https://brototermic.com/contacto.html","Contacto|Componentes Industriales|BROTOTERMIC Vitoria","Contacto BROTOTERMIC, S.L. Distribuciones industriales e Instrumentales.","Formulario de contacto","REDIRIGIR","https://brototermic.com/contacto/contacto.html"
"https://brototermic.com/contacto/contacto.html","Componentes Industriales|BROTOTERMIC Vitoria","","Componentes Industriales|BROTOTERMIC Vitoria","MANTENER",""
"https://brototermic.com/controldenivel-interruptores-magneticos.html","Interruptores magnéticos|Control de nivel|BROTOTERMIC Vitoria","Interruptores magnéticos de nivel IMN.","Interruptores magnéticos. BROTOTERMIC, S.L.","MANTENER",""
"https://brototermic.com/controldenivel-niveles-de-flotador.html","Niveles de flotador|Control de nivel|BROTOTERMIC","Niveles de flotador|Control de nivel|BROTOTERMIC","Sensores tipo flotador. BROTOTERMIC, S.L.","MANTENER",""
"https://brototermic.com/controldenivel-niveles-rotativos.html","Niveles Rotativos|Control de nivel|BROTOTERMIC Vitoria","Niveles Rotativos|Control de nivel|Sensor CNPR-N|Sensor CNPR-D","Niveles rotativos. BROTOTERMIC, S.L.","MANTENER",""
"https://brototermic.com/controldenivel-reles-de-nivel.html","Relés de nivel|Control de nivel|BROTOTERMIC Vitoria","Relés de nivel Rango de sensibilidad. Modalidad de control. Cantidad y tipo de contactos de salida.","Relés de nivel. BROTOTERMIC, S.L.","MANTENER",""
"https://brototermic.com/controldenivel-sensores-capacitivos.html","Sensores capacitivos|Control de nivel|BROTOTERMIC Vitoria","Sensores capacitivos. Sensor SCR 35. Sensor SCRR 35 T 43650. Sensor SCAV TB","Sensores capacitivos. BROTOTERMIC, S.L.","MANTENER",""
"https://brototermic.com/controldenivel-sensores-conductivos.html","Sensores conductivos|Control de nivel|BROTOTERMIC Vitoria","Sensores conductivos. Control de nivel.","Sensores conductivos. BROTOTERMIC, S.L.","MANTENER",""
"https://brototermic.com/controldenivel-sensores-de-presion.html","Sensores de presión|Control de nivel|BROTOTERMIC Vitoria","Sensor de presión CNM 10. Sensor de presión CNM 30. Sensor de presión CNM 20 EX.","Sensores de presión. BROTOTERMIC, S.L.","MANTENER",""
"https://brototermic.com/controldenivel-sensores-de-ultrasonidos.html","Sensores de ultrasonidos|Control de nivel|BROTOTERMIC Vitoria","Sensores de ultrasonidos, Pulsador de auto-ajuste,","Sensores de ultrasonidos. BROTOTERMIC, S.L.","MANTENER",""
"https://brototermic.com/controldenivel-transductores-magneticos.html","Sensores de presión|Control de nivel|BROTOTERMIC Vitoria","Sensor de presión CNM 10. Sensor de presión CNM 30. Sensor de presión CNM 20 EX.","Transductores magnéticos. BROTOTERMIC, S.L.","MANTENER",""
"https://brototermic.com/controltemperatura-accesorios-sondas.html","Sondas de temperatura|control de temperatura|BROTOTERMIC","Sondas de temperatura control de temperatura","Accesorios Sondas. BROTOTERMIC, S.L.","MANTENER",""
"https://brototermic.com/controltemperatura-cables-compensacion.html","Cables de compensación|Control de temperatura","Cables de compensación. Control de temperatura","Cables de compensación y especiales. BROTOTERMIC, S.L.","MANTENER",""
"https://brototermic.com/controltemperatura-convertidores.html","Convertidores de señal|Control de temperatura","Convertidores de señal. Comercial BROTOTERMIC Vitoria","Convertidores de señal. BROTOTERMIC, S.L.","MANTENER",""
"https://brototermic.com/controltemperatura-dataloggers.html","Dataloggers|Control de temperatura|BROTOTERMIC Vitoria","Dataloggers Log-Tag TRIX-8 Log-Tag HAXO-8 Log-Tag TREX-8 Interface LTI para Log-Tag Datalogger USB OM-EL","Dataloggers. BROTOTERMIC, S.L.","MANTENER",""
"https://brototermic.com/controltemperatura-equipos-de-medicion.html","Equipos de medición|Control de temperatura|BROTOTERMIC Vitoria","Equipos de medición. Calibradores de procesos. Horno de Calibración Portátil.","Equipos de medición. BROTOTERMIC, S.L.","MANTENER",""
"https://brototermic.com/controltemperatura-indicadores-de-procesos.html","Controladores e indicadores de procesos|BROTOTERMIC Vitoria","Controladores e indicadores de procesos|BROTOTERMIC Vitoria.","Controladores e indicadores de procesos. BROTOTERMIC, S.L.","MANTENER",""
"https://brototermic.com/controltemperatura-panelespc-software.html","Paneles pc software|Control de termperatura|BROTOTERMIC Vitoria","Paneles pc software. Panel PC. Software adquisición datos Datacare","Paneles PC - Software. BROTOTERMIC, S.L.","MANTENER",""
"https://brototermic.com/controltemperatura-reles-estado-solido.html","Relés estado sólido|Control de temperatura|BROTOTERMIC Vitoria","Relés estado sólido. Gama Celpac. Relés estáticos corriente continua.","Relés estado sólido. BROTOTERMIC, S.L.","MANTENER",""
"https://brototermic.com/controltemperatura-sensores-infrarrojos.html","Sensores infrarrojos|Cámaras termográficas","Sensores de infrarrojos. Cámaras termográficas. BROTOTERMIC, S.L.","Sensores de infrarrojos. Cámaras termográficas. BROTOTERMIC, S.L.","MANTENER",""
"https://brototermic.com/controltemperatura-sondastemperatura.html","Sondas de temperatura|Control de temperatura|BROTOTERMIC Vitoria","Fabricación a medida de todo tipo de termopares y de termorresistencias en cualquier formato.","Sondas de temperatura. BROTOTERMIC, S.L.","MANTENER",""
"https://brototermic.com/controltemperatura-termometros.html","Termométros|Control de temperatura|BROTOTERMIC Vitoria","Termométros|Control de temperatura|BROTOTERMIC Vitoria","Termómetros. BROTOTERMIC, S.L.","MANTENER",""
"https://brototermic.com/controltemperatura-termostatos.html","Termostatos|Control de temperatura|BROTOTERMIC Vitoria","Termostatos|Control de temperatura|BROTOTERMIC Vitoria","Termostatos. BROTOTERMIC, S.L.","MANTENER",""
"https://brototermic.com/controltemperatura-videoregistradores.html","Vídeo registradores|Control de temperatura|BROTOTERMIC Vitoria","Video registrador FUJI. Ventiladores axiales. Video registrador OHKURA","Video Registradores. BROTOTERMIC, S.L.","MANTENER",""
"https://brototermic.com/cookies.html","Cookies|Distribuciones Industriales e instrumentación","Política de Cookies empresa BROTOTERMIC, S.L.","Política de Cookies","MANTENER",""
"https://brototermic.com/empresa.html","Empresa BROTOTERMIC SL|Vitoria","Empresa BROTOTERMIC, S.L. Distribuciones industriales e Instrumentales.","Nuestra historia","MANTENER",""
"https://brototermic.com/equipos-perifericos.html","Equipos periféricos|Distribución de componentes industriales","Maquinaria auxiliar para el sector industrial de la transformación de termoplásticos.","Equipos periféricos. BROTOTERMIC, S.L.","MANTENER",""
"https://brototermic.com/equiposderefrigeracion-refrigeradores-chillers.html","Equipos de refrigeración|Refrigeradores CHILLERS","Equipos de refrigeración|Refrigeradores CHILLERS|Modelo ENR 003. Modelo ENR 001 . Modelo ENR 038","Refrigeradores Chillers. BROTOTERMIC, S.L.","MANTENER",""
"https://brototermic.com/fabricaciones-a-medida.html","Fabricación a medida de componentes industriales|BROTOTERMIC","Fabricación a medida de todo tipo de termopares y de termorresistencias en cualquier formato.","Fabricaciones a medida. BROTOTERMIC, S.L.","MANTENER",""
"https://brototermic.com/hornos-industriales.html","Hornos Industriales|BROTOTERMIC Componentes Industriales|Vitoria","Hornos Industriales. Horno Mic. Horno Metalar. Horno SM.","Hornos Industriales. BROTOTERMIC, S.L.","MANTENER",""
"https://brototermic.com/index.html","Componentes Industriales e Instrumentación|BROTOTERMIC Vitoria","BROTOTERMIC, S.L. Distribuciones industriales e Instrumentales.","BROTOTERMIC Instrumentación Industrial.","REDIRIGIR","https://brototermic.com/"
"https://brototermic.com/mapa-web.html","Mapa Web|Componentes Industriales e Instrumentación|Vitoria","Fabricación a medida de todo tipo de termopares y de termorresistencias en cualquier formato.","Mapa Web","MANTENER",""
"https://brototermic.com/nuevos-productos.html","Nuevos productos|Componentes Industriales e Instrumentación","Refrigeradores. Multiplexores MUX. Calefactores de inmersión.","Nuevos Productos 2021. BROTOTERMIC, S.L. / Refrigeradores Sensores de nivel Calefactores de inmersión / Multiplexores MUX&nbsp","MANTENER",""
"https://brototermic.com/oviedo/contacto/contacto.html","Componentes Industriales|BROTOTERMIC Oviedo","","Componentes Industriales|BROTOTERMIC Oviedo","REDIRIGIR","https://brototermic.com/oviedo/"
"https://brototermic.com/oviedo/","BROTOTERMIC, SL Oviedo Componentes Industriales e Instrumentación|","BROTOTERMIC, S.L. es un empresa líder en el sector de la distribución de instrumentación industrial especializada. Dedicada a la comercialización e implantación de elementos de instrumentación y control de temperatura y procesos, gracias a nuestros productos de alta calidad y nuestra ética comercial que nos permiten satisfacer las necesidades de nuestros clientes.","BROTOTERMIC Oviedo. Distribuciones Industriales. Instrumentación.","MANTENER",""
"https://brototermic.com/oviedo/index.html","BROTOTERMIC, SL Oviedo Componentes Industriales e Instrumentación|","BROTOTERMIC, S.L. es un empresa líder en el sector de la distribución de instrumentación industrial especializada. Dedicada a la comercialización e implantación de elementos de instrumentación y control de temperatura y procesos, gracias a nuestros productos de alta calidad y nuestra ética comercial que nos permiten satisfacer las necesidades de nuestros clientes.","BROTOTERMIC Oviedo. Distribuciones Industriales. Instrumentación.","REDIRIGIR","https://brototermic.com/oviedo/"
"https://brototermic.com/oviedo/politica-de-cookies-brototermic-oviedo.html","Cookies|Componentes Industriales e Instrumentación Oviedo","BROTOTERMIC, S.L. es un empresa líder en el sector de la distribución de instrumentación industrial especializada. Dedicada a la comercialización e implantación de elementos de instrumentación y control de temperatura y procesos, gracias a nuestros productos de alta calidad y nuestra ética comercial que nos permiten satisfacer las necesidades de nuestros clientes.","Política de cookies","REDIRIGIR","https://brototermic.com/cookies.html"
"https://brototermic.com/oviedo/politica-de-privacidad-brototermic-oviedo.html","Privacidad|Componentes Industriales e Instrumentación Oviedo","BROTOTERMIC, S.L. es un empresa líder en el sector de la distribución de instrumentación industrial especializada. Dedicada a la comercialización e implantación de elementos de instrumentación y control de temperatura y procesos, gracias a nuestros productos de alta calidad y nuestra ética comercial que nos permiten satisfacer las necesidades de nuestros clientes.","Política de privacidad","REDIRIGIR","https://brototermic.com/privacidad.html"
"https://brototermic.com/presionhumedad-sensores-de-presion.html","Sensores de presión y humedad|BROTOTERMIC Vitoria","Sensores de presión y humedad. Transmisores y detectores de presión y humedad.","Sensores de presión. BROTOTERMIC, S.L.","MANTENER",""
"https://brototermic.com/presionhumedad-sondas-de-humedad.html","Sondas de Presión y Humedad|Componentes electrónicos","Sondas de Presión y Humedad. Transmisores de humedad y temperatura.","Sondas de humedad. BROTOTERMIC, S.L.","MANTENER",""
"https://brototermic.com/privacidad.html","Privacidad|Distribuciones Industriales e instrumentación","Política de Privacidad empresa BROTOTERMIC, S.L.","Política de Privacidad","MANTENER",""
"https://brototermic.com/resistencias-atex.html","Resistencias ATEX|BROTOTERMIC Componentes Industriales|Vitoria","Resistencias ATEX. Calentadores de bidón. Convectores zonas clasificadas FAW. Calefactores para armarios","Resistencias ATEX. BROTOTERMIC, S.L.","MANTENER",""
"https://brototermic.com/resistencias-calefaccion-industrial.html","Calefacción Industrial|BROTOTERMIC Vitoria","Aerotermo eléctrico ANB. Aerotermo eléctrico RMO. Convectores trifásicos RIS. Cortinas de aire caliente COR.Pantallas infrarrojos","Calefacción industrial. BROTOTERMIC, S.L.","MANTENER",""
"https://brototermic.com/resistencias-calentamientoaire.html","Resistencias para el calentamiento de aire|BROTOTERMIC Vitoria","Resistencias para calentamiento de aire. BROTOTERMIC, S.L..","Resistencias para calentamiento de aire. BROTOTERMIC, S.L.","MANTENER",""
"https://brototermic.com/resistencias-especiales-a-medida.html","Fabricación especial y a medida|BROTOTERMIC","Brototermic S.L. fabrica cualquier tipo de resistencia ya sea a partir de un plano o de una muestra o bien realizar diseños propios.","Fabricaciones especiales a medida. BROTOTERMIC, S.L.","MANTENER",""
"https://brototermic.com/resistencias-flexibles.html","Resistencias flexibles|BROTOTERMIC.","Resistencias flexibles. Cables, cintas calefactoras, resistencias de cobre.","Resistencias flexibles. BROTOTERMIC, S.L.","MANTENER",""
"https://brototermic.com/resistencias-infrarrojos.html","Resistencias infrarrojos flexibles|BROTOTERMIC Vitoria.","Resistencias infrarrojos flexibles|BROTOTERMIC Vitoria.","Resistencias infrarrojos. BROTOTERMIC, S.L.","MANTENER",""
"https://brototermic.com/resistencias-inmersion.html","Resistencias para inmersion|Componentes industriales","Resistencias para inmersion|Componentes industriales e instrumentación","Resistencias para inmersión. BROTOTERMIC, S.L.","MANTENER",""
"https://brototermic.com/resistencias-mantas-calefactoras.html","Mantas calefactoras|BROTOTERMIC VITORIA","Mantas calefactoras.Resistencias para inmersion","Mantas calefactoras. BROTOTERMIC, S.L.","MANTENER",""
"https://brototermic.com/resistencias-planas.html","Resistencias planas soporte mica y de cerámica|BROTOTERMIC","Resistencias planas soporte mica y de cerámica","Resistencias planas. BROTOTERMIC, S.L.","MANTENER",""
"https://brototermic.com/resistencias-tipo-abrazadera.html","Resistencias tipo abrazadera|BROTOTERMIC Vitoria","Resistencias tipo abrazadera.Sistema hermético latón. Sistema hermético inoxidable","Resistencias tipo abrazadera. BROTOTERMIC, S.L.","MANTENER",""
"https://brototermic.com/resistencias-tipo-cartucho.html","Resistencias tipo cartucho|BROTOTERMIC Vitoria","Resistencias tipo Cartucho. Cartuchos con termopar. Cartuchos expan. Cartucho de alta y baja carga","Resistencias tipo cartucho. BROTOTERMIC, S.L.","MANTENER",""
"https://brototermic.com/ventilacion.html","Ventilación|BROTOTERMIC VITORIA","Ventiladores compactos. Ventiladores axiales. Ventiladores centrífugos. Ventiladores tangenciales.","Ventilación. BROTOTERMIC, S.L.","MANTENER",""
"https://brototermic.com/docs/Acabados-resistencias-cartucho.pdf","","","","MANTENER",""
"https://brototermic.com/docs/DISPLAYS DIGITALES PROGRAMABLES BROTOTERMIC HR.pdf","","","","MANTENER",""
"https://brototermic.com/docs/catalogo-Brototermic-resistencias.pdf","","","","MANTENER",""
"https://brototermic.com/docs/catalogo-instrumentacion.pdf","","","","MANTENER",""
"https://brototermic.com/docs/catalogo_cañas_pirometricas_broto-03-02-2015.pdf","","","","MANTENER",""
"https://brototermic.com/docs/catalogo_termopares_broto-03-02-2015.pdf","","","","MANTENER",""
"https://brototermic.com/docs/disibeint.IoT.pdf","","","","MANTENER",""
"https://brototermic.com/docs/ejemplo-de-aplicacion-iot-didieint.pdf","","","","MANTENER",""
"https://brototermic.com/oviedo/docs/catalogo-instrumentacion.pdf","","","","REDIRIGIR","https://brototermic.com/docs/catalogo-instrumentacion.pdf"
"https://brototermic.com/oviedo/docs/catalogo-resistencias-calefactoras.pdf","","","","REDIRIGIR","https://brototermic.com/docs/catalogo-Brototermic-resistencias.pdf [POR VERIFICAR]"
"https://brototermic.com/resistencias-electricas.html","","","","NUEVA",""
"https://brototermic.com/controltemperatura.html","","","","NUEVA",""
"https://brototermic.com/controldenivel.html","","","","NUEVA",""
"https://brototermic.com/presionhumedad.html","","","","NUEVA",""
"https://brototermic.com/sitemap.xml","","","","MANTENER",""
"https://brototermic.com/robots.txt","","","","NUEVA",""
"https://www.brototermic.es/","BROTOTERMIC, SL Oviedo Componentes Industriales e Instrumentación|","BROTOTERMIC, S.L. es un empresa líder en el sector de la distribución de instrumentación industrial especializada. Dedicada a la comercialización e implantación de elementos de instrumentación y control de temperatura y procesos, gracias a nuestros productos de alta calidad y nuestra ética comercial que nos permiten satisfacer las necesidades de nuestros clientes.","BROTOTERMIC Oviedo. Distribuciones Industriales. Instrumentación.","REDIRIGIR","https://brototermic.com/oviedo/"
"https://www.brototermic.es/contacto/contacto.html","Componentes Industriales|BROTOTERMIC Oviedo","","Componentes Industriales|BROTOTERMIC Oviedo","REDIRIGIR","https://brototermic.com/oviedo/"
"https://www.brototermic.es/index.html","BROTOTERMIC, SL Oviedo Componentes Industriales e Instrumentación|","BROTOTERMIC, S.L. es un empresa líder en el sector de la distribución de instrumentación industrial especializada. Dedicada a la comercialización e implantación de elementos de instrumentación y control de temperatura y procesos, gracias a nuestros productos de alta calidad y nuestra ética comercial que nos permiten satisfacer las necesidades de nuestros clientes.","BROTOTERMIC Oviedo. Distribuciones Industriales. Instrumentación.","REDIRIGIR","https://brototermic.com/oviedo/"
"https://www.brototermic.es/politica-de-cookies-brototermic-oviedo.html","Cookies|Componentes Industriales e Instrumentación Oviedo","BROTOTERMIC, S.L. es un empresa líder en el sector de la distribución de instrumentación industrial especializada. Dedicada a la comercialización e implantación de elementos de instrumentación y control de temperatura y procesos, gracias a nuestros productos de alta calidad y nuestra ética comercial que nos permiten satisfacer las necesidades de nuestros clientes.","Política de cookies","REDIRIGIR","https://brototermic.com/cookies.html"
"https://www.brototermic.es/politica-de-privacidad-brototermic-oviedo.html","Privacidad|Componentes Industriales e Instrumentación Oviedo","BROTOTERMIC, S.L. es un empresa líder en el sector de la distribución de instrumentación industrial especializada. Dedicada a la comercialización e implantación de elementos de instrumentación y control de temperatura y procesos, gracias a nuestros productos de alta calidad y nuestra ética comercial que nos permiten satisfacer las necesidades de nuestros clientes.","Política de privacidad","REDIRIGIR","https://brototermic.com/privacidad.html"
"https://www.brototermic.es/docs/catalogo-instrumentacion.pdf","","","","REDIRIGIR","https://brototermic.com/docs/catalogo-instrumentacion.pdf"
"https://www.brototermic.es/docs/catalogo-resistencias-calefactoras.pdf","","","","REDIRIGIR","https://brototermic.com/docs/catalogo-Brototermic-resistencias.pdf [POR VERIFICAR]"
