dominio,archivo,bytes,alt_actual,usada_en
"brototermic.com","images/broto-fabricacion.jpg","23550","BROTOTERMIC, S.L Programa de fabricación","brototermic.com/resistencias-especiales-a-medida.html"
"brototermic.com","images/brototermic-aerotermoanb.jpg","17597","Aerotermo eléctrico ANB. BROTOTERMIC, S.L.","brototermic.com/resistencias-calefaccion-industrial.html"
"brototermic.com","images/brototermic-aerotermormo.jpg","9322","Aerotermo eléctrico RMO. BROTOTERMIC, S.L.","brototermic.com/resistencias-calefaccion-industrial.html"
"brototermic.com","images/brototermic-aireacondicionado.jpg","20243","Baterías eléctricas.","brototermic.com/resistencias-calentamientoaire.html"
"brototermic.com","images/brototermic-aireforzado.jpg","5798","Resistencias con racores aire reforzado","brototermic.com/resistencias-calentamientoaire.html"
"brototermic.com","images/brototermic-aletahelicoidal.jpg","10225","Baterías eléctricas.","brototermic.com/resistencias-calentamientoaire.html"
"brototermic.com","images/brototermic-alimentadores.jpg","7014","Alimentadores. BROTOTERMIC, S.L.","brototermic.com/equipos-perifericos.html"
"brototermic.com","images/brototermic-atemporadores.jpg","6206","Atemperadores. BROTOTERMIC, S.L.","brototermic.com/equipos-perifericos.html"
"brototermic.com","images/brototermic-bandaafafs.jpg","12142","Banda calefactora, AFAFS. BROTOTERMIC, S.L.","brototermic.com/resistencias-flexibles.html"
"brototermic.com","images/brototermic-bandaafhssd.jpg","8007","Banda calefactora, AFHSSD. BROTOTERMIC, S.L.","brototermic.com/resistencias-flexibles.html"
"brototermic.com","images/brototermic-bandacalefactora.jpg","7996","Banda calefactora AFBS. BROTOTERMIC, S.L.","brototermic.com/resistencias-flexibles.html"
"brototermic.com","images/brototermic-barritasdecuarzo.jpg","3348","Barritas de cuarzo. BROTOTERMIC, S.L.","brototermic.com/resistencias-infrarrojos.html"
"brototermic.com","images/brototermic-bateria-calentamiento.jpg","16204","Batería calentamiento. BROTOTERMIC, S.L.","brototermic.com/fabricaciones-a-medida.html"
"brototermic.com","images/brototermic-bateriaalbat.jpg","14284","Baterías eléctricas.","brototermic.com/resistencias-calentamientoaire.html"
"brototermic.com","images/brototermic-bidonhidh.jpg","8101","Calentadores de bidón zonas clasificadas HIDH. BROTOTERMIC, S.L.","brototermic.com/resistencias-atex.html"
"brototermic.com","images/brototermic-bitubodeondamedia.jpg","11854","Bitubo de onda media 77P. BROTOTERMIC, S.L.","brototermic.com/resistencias-infrarrojos.html"
"brototermic.com","images/brototermic-bituboondacorta.jpg","14112","Bitubo de onda corta, 81P. BROTOTERMIC, S.L.","brototermic.com/resistencias-infrarrojos.html"
"brototermic.com","images/brototermic-cabezales-conexion.jpg","11248","Cabezales conexión. BROTOTERMIC, S.L.","brototermic.com/controltemperatura-accesorios-sondas.html"
"brototermic.com","images/brototermic-cableelectrico.jpg","6679","Cable eléctrico alta temperatura. BROTOTERMIC, S.L.","brototermic.com/controltemperatura-cables-compensacion.html"
"brototermic.com","images/brototermic-cabletermopar1.jpg","12325","Cable compensación termopar. BROTOTERMIC, S.L.","brototermic.com/controltemperatura-cables-compensacion.html"
"brototermic.com","images/brototermic-cabletermoresistencia.jpg","9098","Cable termorresistencia. BROTOTERMIC, S.L.","brototermic.com/controltemperatura-cables-compensacion.html"
"brototermic.com","images/brototermic-cajaconexiones.jpg","8529","Reistencias con caja conexiones IP-44","brototermic.com/resistencias-inmersion.html"
"brototermic.com","images/brototermic-calefactor-inmersion.jpg","8992","Calefactor de inmersión. BROTOTERMIC, S.L.","brototermic.com/fabricaciones-a-medida.html"
"brototermic.com","images/brototermic-calefactores-de-inmersion.jpg","9271","Calefactores de inmersión. BROTOTERMIC, S.L.","brototermic.com/nuevos-productos.html"
"brototermic.com","images/brototermic-calefactores.jpg","9926","Grupos calefactores con bridas","brototermic.com/resistencias-inmersion.html"
"brototermic.com","images/brototermic-calefactoresarmarios.jpg","10212","Calefactores para armarios. BROTOTERMIC, S.L.","brototermic.com/resistencias-atex.html"
"brototermic.com","images/brototermic-calentadores.jpg","13822","Calentadores al paso","brototermic.com/resistencias-inmersion.html"
"brototermic.com","images/brototermic-calentadoresinmersion.jpg","11283","Calentadores de inmersión fijos","brototermic.com/resistencias-inmersion.html"
"brototermic.com","images/brototermic-calentamientoaire.jpg","16707","Baterías eléctricas","brototermic.com/resistencias-calentamientoaire.html"
"brototermic.com","images/brototermic-calibracion-portatil.jpg","7356","Horno de Calibración Portátil. BROTOTERMIC, S.L.","brototermic.com/controltemperatura-equipos-de-medicion.html"
"brototermic.com","images/brototermic-calibradores-procesos.jpg","8398","Calibradores de procesos. BROTOTERMIC, S.L.","brototermic.com/controltemperatura-equipos-de-medicion.html"
"brototermic.com","images/brototermic-camara-protectora.jpg","9713","Cámara protectora de calor. BROTOTERMIC, S.L.","brototermic.com/resistencias-tipo-abrazadera.html"
"brototermic.com","images/brototermic-camara-termografica-exx.jpg","8872","Cámara termográfica Serie EXX. BROTOTERMIC, S.L.","brototermic.com/controltemperatura-sensores-infrarrojos.html"
"brototermic.com","images/brototermic-camara-termografica.jpg","17107","Cámara termográfica fija Serie PI. BROTOTERMIC, S.L.","brototermic.com/controltemperatura-sensores-infrarrojos.html"
"brototermic.com","images/brototermic-camisa-aislante-aluminio.jpg","8107","Camisa aislante aluminio IBC. BROTOTERMIC","brototermic.com/resistencias-mantas-calefactoras.html"
"brototermic.com","images/brototermic-candelas.jpg","11191","Candelas termo con refractario","brototermic.com/resistencias-inmersion.html"
"brototermic.com","images/brototermic-carrildin.jpg","7345","Convertidor Señal carril DIN CV/1. BROTOTERMIC, S.L.","brototermic.com/controltemperatura-convertidores.html"
"brototermic.com","images/brototermic-carrildinslim.jpg","10483","Convertidor señal carril Din Slim. BROTOTERMIC, S.L.","brototermic.com/controltemperatura-convertidores.html"
"brototermic.com","images/brototermic-cartuchosaltacarga.jpg","6738","Cartuchos de alta carga. BROTOTERMIC, S.L.","brototermic.com/resistencias-tipo-cartucho.html"
"brototermic.com","images/brototermic-cartuchosbajacarga.jpg","7161","Cartuchos de baja carga. BROTOTERMIC, S.L.","brototermic.com/resistencias-tipo-cartucho.html"
"brototermic.com","images/brototermic-cartuchosexpan.jpg","8653","Cartuchos con expan. BROTOTERMIC, S.L.","brototermic.com/resistencias-tipo-cartucho.html"
"brototermic.com","images/brototermic-cartuchosmicrowatt.jpg","5294","Microwatt. BROTOTERMIC, S.L.","brototermic.com/resistencias-tipo-cartucho.html"
"brototermic.com","images/brototermic-caudalimetros.jpg","10322","Caudalímetros. BROTOTERMIC, S.L.","brototermic.com/equipos-perifericos.html"
"brototermic.com","images/brototermic-cobertura-impermeable-deposito-ibc.jpg","8406","Cobertura impermeable deposito IBC. BROTOTERMIC","brototermic.com/resistencias-mantas-calefactoras.html"
"brototermic.com","images/brototermic-conductocilindrico.jpg","17988","Conducto cilíndrico","brototermic.com/resistencias-calentamientoaire.html"
"brototermic.com","images/brototermic-conectores-ceramicos.jpg","8501","Conectores compensados cerámicos. BROTOTERMIC, S.L.","brototermic.com/controltemperatura-accesorios-sondas.html"
"brototermic.com","images/brototermic-conectores-estandar.jpg","12666","Conectores compensados estandar. BROTOTERMIC, S.L.","brototermic.com/controltemperatura-accesorios-sondas.html"
"brototermic.com","images/brototermic-conectores-mini.jpg","11190","Conectores compensados mini. BROTOTERMIC, S.L.","brototermic.com/controltemperatura-accesorios-sondas.html"
"brototermic.com","images/brototermic-conectores-rtd.jpg","8713","Conectores RTD. BROTOTERMIC, S.L.","brototermic.com/controltemperatura-accesorios-sondas.html"
"brototermic.com","images/brototermic-control-telefonico-enchufable.jpg","7368","Control telefónico GSM enchufable. BROTOTERMIC, S.L.","brototermic.com/controltemperatura-termostatos.html"
"brototermic.com","images/brototermic-CONTROL-TELEFONICO-GSM.jpg","9242","Control telefónico GSM/línea fija. BROTOTERMIC, S.L.","brototermic.com/controltemperatura-termostatos.html"
"brototermic.com","images/brototermic-controlador915.jpg","13649","Controlador IC PLUS 915. BROTOTERMIC, S.L.","brototermic.com/controltemperatura-indicadores-de-procesos.html"
"brototermic.com","images/brototermic-controladorcmc99.jpg","12088","Controlador multilazo CMC-99. BROTOTERMIC, S.L.","brototermic.com/controltemperatura-indicadores-de-procesos.html"
"brototermic.com","images/brototermic-controladordr4020.jpg","11137","Controlador carril DIN DR4020-4022. BROTOTERMIC, S.L.","brototermic.com/controltemperatura-indicadores-de-procesos.html"
"brototermic.com","images/brototermic-controladorew72.jpg","10956","Controlador EW72. BROTOTERMIC, S.L.","brototermic.com/controltemperatura-indicadores-de-procesos.html"
"brototermic.com","images/brototermic-controladormpr48.jpg","10087","Controlador WAYTEK MPR48. BROTOTERMIC, S.L.","brototermic.com/controltemperatura-indicadores-de-procesos.html"
"brototermic.com","images/brototermic-controladort100.jpg","11217","Controlador a microprocesador  T-100. BROTOTERMIC, S.L.","brototermic.com/controltemperatura-indicadores-de-procesos.html"
"brototermic.com","images/brototermic-controladort400.jpg","8654","Controlador a microprocesador  T-400. BROTOTERMIC, S.L.","brototermic.com/controltemperatura-indicadores-de-procesos.html"
"brototermic.com","images/brototermic-controladort900.jpg","12554","Controlador a microprocesador  T-900. BROTOTERMIC, S.L.","brototermic.com/controltemperatura-indicadores-de-procesos.html"
"brototermic.com","images/brototermic-controladort902.jpg","13178","Controlador IC PLUS 902. BROTOTERMIC, S.L.","brototermic.com/controltemperatura-indicadores-de-procesos.html"
"brototermic.com","images/brototermic-convectorescie.jpg","12375","Convectores monofásicos CIE. BROTOTERMIC, S.L.","brototermic.com/resistencias-calefaccion-industrial.html"
"brototermic.com","images/brototermic-convectoresfaw.jpg","14911","Convectores FAW. BROTOTERMIC, S.L.","brototermic.com/resistencias-atex.html"
"brototermic.com","images/brototermic-convertidor-señal.jpg","13255","Convertidor señal cabezal. BROTOTERMIC, S.L.","brototermic.com/controltemperatura-convertidores.html"
"brototermic.com","images/brototermic-convertidor-termo-isoflex.jpg","8152","Convertidor señal carril Termo Iso-Flex. BROTOTERMIC, S.L.","brototermic.com/controltemperatura-convertidores.html"
"brototermic.com","images/brototermic-convertidor-txrail.jpg","10654","Convertidor señal Carril Din TXrail. BROTOTERMIC, S.L.","brototermic.com/controltemperatura-convertidores.html"
"brototermic.com","images/brototermic-copasumergible.jpg","15956","","brototermic.com/resistencias-inmersion.html"
"brototermic.com","images/brototermic-cortinasairecor.jpg","8909","Cortinas de aire caliente COR. BROTOTERMIC, S.L.","brototermic.com/resistencias-calefaccion-industrial.html"
"brototermic.com","images/brototermic-Cronotermostato-semanal-radiofrecuencia.jpg","8087","Cronotermostato semanal radiofrecuencia. BROTOTERMIC, S.L.","brototermic.com/controltemperatura-termostatos.html"
"brototermic.com","images/brototermic-cronotermostato-semanal.jpg","11980","Cronotermostato semanal. BROTOTERMIC, S.L.","brototermic.com/controltemperatura-termostatos.html"
"brototermic.com","images/brototermic-datacare.jpg","20034","Software adquisición datos Datacare","brototermic.com/controltemperatura-panelespc-software.html"
"brototermic.com","images/brototermic-datalogger-usb.jpg","7464","Datalogger USB OM-EL. BROTOTERMIC, S.L.","brototermic.com/controltemperatura-dataloggers.html"
"brototermic.com","images/brototermic-deshumidificadores.jpg","6237","Deshumidificadores. BROTETERMIC, S.L.","brototermic.com/equipos-perifericos.html"
"brototermic.com","images/brototermic-desincrustadores.jpg","12951","Desincrustadores. BROTOTERMIC, S.L.","brototermic.com/equipos-perifericos.html"
"brototermic.com","images/brototermic-detectores- nivel.jpg","12998","Detectores de nivel. BROTOTERMIC, S.L.","brototermic.com/fabricaciones-a-medida.html"
"brototermic.com","images/brototermic-detectorpresion-pn7160.jpg","12975","Detector presión PN7160. BROTOTERMIC, S.L.","brototermic.com/presionhumedad-sensores-de-presion.html"
"brototermic.com","images/brototermic-detectorpresion-tpsm40.jpg","4854","Transmisor TPSM40. BROTOTERMIC, S.L.","brototermic.com/presionhumedad-sensores-de-presion.html"
"brototermic.com","images/brototermic-detectorpresion.jpg","13428","Detector presión PA3060. BROTOTERMIC, S.L.","brototermic.com/presionhumedad-sensores-de-presion.html"
"brototermic.com","images/brototermic-disibeint.jpg","9866","Sensores de nivel. IOT INDUSTRIAL BROTOTERMIC, S.L.","brototermic.com/nuevos-productos.html"
"brototermic.com","images/brototermic-dosificadores.jpg","7295","DOSIFICADORES. BROTOTERMIC, S.L.","brototermic.com/equipos-perifericos.html"
"brototermic.com","images/brototermic-electricfor.png","NO DESCARGADA","(sin alt)","brototermic.com/index.html"
"brototermic.com","images/brototermic-electrodos-ncps-db.jpg","5921","Electrodo NCPS DB INOX. BROTOTERMIC, S.L.","brototermic.com/controldenivel-sensores-conductivos.html"
"brototermic.com","images/brototermic-electrodos-np.jpg","5787","Electrodo NP. BROTOTERMIC, S.L.","brototermic.com/controldenivel-sensores-conductivos.html"
"brototermic.com","images/brototermic-electrodos-nr1.jpg","7080","Electrodos NR 1 ½. BROTOTERMIC, S.L.","brototermic.com/controldenivel-sensores-conductivos.html"
"brototermic.com","images/brototermic-electrodos-nra.jpg","5775","Electrodos NRA 1 1/2. BROTOTERMIC, S.L.","brototermic.com/controldenivel-sensores-conductivos.html"
"brototermic.com","images/brototermic-electrodos-ns.jpg","5163","Electrodo NS. BROTOTERMIC, S.L.","brototermic.com/controldenivel-sensores-conductivos.html"
"brototermic.com","images/brototermic-electrodos-nt.jpg","3516","Electrodo NT. BROTOTERMIC, S.L.","brototermic.com/controldenivel-sensores-conductivos.html"
"brototermic.com","images/brototermic-electrodos-ntbi.jpg","5295","Electrodo NTBI. BROTOTERMIC, S.L.","brototermic.com/controldenivel-sensores-conductivos.html"
"brototermic.com","images/brototermic-emisoresceramicos.jpg","11352","Emisores cerámicos OSC. BROTOTERMIC, S.L.","brototermic.com/resistencias-infrarrojos.html"
"brototermic.com","images/brototermic-emisoresceramicosbos.jpg","9609","Emisores cerámicos BOS. BROTOTERMIC, S.L.","brototermic.com/resistencias-infrarrojos.html"
"brototermic.com","images/brototermic-emisoresceramicososh.jpg","11277","Emisores cerámicos OSH. BROTOTERMIC, S.L.","brototermic.com/resistencias-infrarrojos.html"
"brototermic.com","images/brototermic-emisoresceramicososp.jpg","6319","Emisores cerámicos OSP. BROTOTERMIC, S.L.","brototermic.com/resistencias-infrarrojos.html"
"brototermic.com","images/brototermic-emisoresondacorta.jpg","11914","Emisores de onda corta IRCC. BROTOTERMIC, S.L.","brototermic.com/resistencias-infrarrojos.html"
"brototermic.com","images/brototermic-equiposcalentamiento.jpg","14293","Equipos de calentamiento. BROTOTERMIC, S.L.","brototermic.com/resistencias-infrarrojos.html"
"brototermic.com","images/brototermic-filtros-magneticos.jpg","15004","Filtros magnéticos. BROTOTERMIC, S.L.","brototermic.com/equipos-perifericos.html"
"brototermic.com","images/brototermic-gama-celpac.jpg","11505","Gama Celpac. BROTOTERMIC, S.L.","brototermic.com/controltemperatura-reles-estado-solido.html"
"brototermic.com","images/brototermic-gama-celpac2g.jpg","13325","Gama Celpac2G. BROTOTERMIC, S.L.","brototermic.com/controltemperatura-reles-estado-solido.html"
"brototermic.com","images/brototermic-gama-okpac.jpg","13441","Gama Okpac. BROTOTERMIC, S.L.","brototermic.com/controltemperatura-reles-estado-solido.html"
"brototermic.com","images/brototermic-gamaeuropa.jpg","11913","Modelos Gama Europa","brototermic.com/resistencias-inmersion.html"
"brototermic.com","images/brototermic-hermetico-altacarga.jpg","7576","Sistema hermético. BROTOTERMIC, S.L.","brototermic.com/resistencias-tipo-abrazadera.html"
"brototermic.com","images/brototermic-hermetico-inoxidable.jpg","5829","Sistema hermético inoxidable. BROTOTERMIC, S.L.","brototermic.com/resistencias-tipo-abrazadera.html"
"brototermic.com","images/brototermic-historia.jpg","11693","Nuestra historia","brototermic.com/empresa.html"
"brototermic.com","images/brototermic-horno-metalar.jpg","6964","Horno Metalar. BROTOTERMIC, S.L.","brototermic.com/hornos-industriales.html"
"brototermic.com","images/brototermic-horno-mic.jpg","11875","Horno Mic. BROTOTERMIC, S.L.","brototermic.com/hornos-industriales.html"
"brototermic.com","images/brototermic-horno-sm.jpg","11990","Horno SM. BROTOTERMIC, S.L.","brototermic.com/hornos-industriales.html"
"brototermic.com","images/brototermic-humedad-ambiente.jpg","4688","Sonda Humedad ambiente","brototermic.com/presionhumedad-sondas-de-humedad.html"
"brototermic.com","images/brototermic-idplus971.jpg","11683","ID PLUS 971. BROTOTERMIC, S.L.","brototermic.com/controltemperatura-indicadores-de-procesos.html"
"brototermic.com","images/brototermic-idw961.jpg","11005","Controlador unidades refrigerantes IDW961. BROTOTERMIC, S.L.","brototermic.com/controltemperatura-indicadores-de-procesos.html"
"brototermic.com","images/brototermic-imn-40-inox.jpg","6442","IMN 40 INOX . BROTOTERMIC, S.L.","brototermic.com/controldenivel-interruptores-magneticos.html"
"brototermic.com","images/brototermic-imn-50-inox-h.jpg","6202","IMN 50 INOX H. BROTOTERMIC, S.L.","brototermic.com/controldenivel-interruptores-magneticos.html"
"brototermic.com","images/brototermic-imn-50-nyv.jpg","7032","IMN 50 NY V. BROTOTERMIC, S.L.","brototermic.com/controldenivel-interruptores-magneticos.html"
"brototermic.com","images/brototermic-imn-70-inox.jpg","5643","IMN 70 INOX. BROTOTERMIC, S.L.","brototermic.com/controldenivel-interruptores-magneticos.html"
"brototermic.com","images/brototermic-imn-bb-pvc.jpg","6130","IMN BB PVC. BROTOTERMIC, S.L.","brototermic.com/controldenivel-interruptores-magneticos.html"
"brototermic.com","images/brototermic-imn-bc-inox.jpg","5612","IMN BC INOX. BROTOTERMIC, S.L.","brototermic.com/controldenivel-interruptores-magneticos.html"
"brototermic.com","images/brototermic-imn-dp-inox.jpg","6900","IMN DP INOX. BROTOTERMIC, S.L.","brototermic.com/controldenivel-interruptores-magneticos.html"
"brototermic.com","images/brototermic-imn-mps.jpg","4933","IMN MPS. BROTOTERMIC, S.L.","brototermic.com/controldenivel-interruptores-magneticos.html"
"brototermic.com","images/brototermic-imn-rp-inox.jpg","5629","IMN RP INOX. BROTOTERMIC, S.L.","brototermic.com/controldenivel-interruptores-magneticos.html"
"brototermic.com","images/brototermic-imn-tb-pvc.jpg","4887","IMN TB PVC. BROTOTERMIC, S.L.","brototermic.com/controldenivel-interruptores-magneticos.html"
"brototermic.com","images/brototermic-imn-tbex-inox.jpg","7793","IMN TBEX INOX. BROTOTERMIC, S.L.","brototermic.com/controldenivel-interruptores-magneticos.html"
"brototermic.com","images/brototermic-imn-tc-inox.jpg","6707","IMN TC INOX. BROTOTERMIC, S.L.","brototermic.com/controldenivel-interruptores-magneticos.html"
"brototermic.com","images/brototermic-imn-tp-inox.jpg","6345","IMN TP INOX. BROTOTERMIC, S.L.","brototermic.com/controldenivel-interruptores-magneticos.html"
"brototermic.com","images/brototermic-indicadordg01.jpg","13266","Indicador Gran formato DG-01. BROTOTERMIC, S.L.","brototermic.com/controltemperatura-indicadores-de-procesos.html"
"brototermic.com","images/brototermic-industriaalimentaria.jpg","11353","Resistencias inmersion industria","brototermic.com/resistencias-inmersion.html"
"brototermic.com","images/brototermic-infrarrojocompacto.jpg","12601","Infrarrojo compacto IC1003. BROTOTERMIC, S.L.","brototermic.com/resistencias-infrarrojos.html"
"brototermic.com","images/brototermic-infrarrojocompacto1007.jpg","10202","Infrarrojo compacto IC1007. BROTOTERMIC, S.L.","brototermic.com/resistencias-infrarrojos.html"
"brototermic.com","images/brototermic-infrarrojocompacto1008.jpg","9843","Infrarrojo compacto IC1008. BROTOTERMIC, S.L.","brototermic.com/resistencias-infrarrojos.html"
"brototermic.com","images/brototermic-infrarrojocompacto1013.jpg","15607","Infrarrojo compacto IC1013NG. BROTOTERMIC, S.L.","brototermic.com/resistencias-infrarrojos.html"
"brototermic.com","images/brototermic-infrarrojocompacto1014.jpg","3546","Infrarrojo compacto IC1014FM. BROTOTERMIC, S.L.","brototermic.com/resistencias-infrarrojos.html"
"brototermic.com","images/brototermic-infrarrojosim.jpg","11294","Pantallas infrarrojos IM. BROTOTERMIC, S.L.","brototermic.com/resistencias-calefaccion-industrial.html"
"brototermic.com","images/brototermic-interface-logtag.jpg","8055","Interface LTI para Log-Tag. BROTOTERMIC, S.L.","brototermic.com/controltemperatura-dataloggers.html"
"brototermic.com","images/brototermic-liquidos-noagresivos.jpg","11844","Calentadores para líquidos","brototermic.com/resistencias-inmersion.html"
"brototermic.com","images/brototermic-liquidosagresivos.jpg","11637","Calentadores para líquidos agresivos","brototermic.com/resistencias-inmersion.html"
"brototermic.com","images/brototermic-logtag-haxo8.jpg","9035","Log-Tag HAXO-8. BROTOTERMIC, S.L.","brototermic.com/controltemperatura-dataloggers.html"
"brototermic.com","images/brototermic-logtag-trex8.jpg","8555","Log-Tag TREX-8. BROTOTERMIC, S.L.","brototermic.com/controltemperatura-dataloggers.html"
"brototermic.com","images/brototermic-logtag-trix8.jpg","8720","Log-Tag TRIX-8. BROTOTERMIC, S.L.","brototermic.com/controltemperatura-dataloggers.html"
"brototermic.com","images/brototermic-manta-aislante-deposito2.jpg","9068","Manta aislante deposito IBC. BROTOTERMIC","brototermic.com/resistencias-mantas-calefactoras.html"
"brototermic.com","images/brototermic-mantas-calefactoras-atex-depositos-ibc.jpg","10724","Mantas calefactoras ATEX depósitos IBC BROTOTERMIC, S.L.","brototermic.com/resistencias-mantas-calefactoras.html"
"brototermic.com","images/brototermic-mantas-calefactoras-atex.jpg","9443","Mantas calefactoras bidon certificadas ATEX","brototermic.com/resistencias-mantas-calefactoras.html"
"brototermic.com","images/brototermic-mantas-calefactoras-bidon-brototermic.png","33188","Mantas calefactoras bidón","brototermic.com/resistencias-mantas-calefactoras.html"
"brototermic.com","images/brototermic-mantas-calefactoras-depositos-ibc.jpg","7960","Mantas calefactoras depósitos IBC BROTOTERMIC, S.L.","brototermic.com/resistencias-mantas-calefactoras.html"
"brototermic.com","images/brototermic-marcas-representadas.jpg","24787","(sin alt)","brototermic.com/index.html"
"brototermic.com","images/brototermic-mezcladores.jpg","12438","Mezcladores. BROTOTERMIC, S.L.","brototermic.com/equipos-perifericos.html"
"brototermic.com","images/brototermic-microwatt.jpg","5672","Cartuchos con termopar. BROTOTERMIC, S.L.","brototermic.com/resistencias-tipo-cartucho.html"
"brototermic.com","images/brototermic-monotubulares.jpg","10284","Monotubulares onda larga 77F. BROTOTERMIC, S.L.","brototermic.com/resistencias-infrarrojos.html"
"brototermic.com","images/brototermic-monotubularesondamedia.jpg","11986","Monotubulares de onda media IRCM. BROTOTERMIC, S.L.","brototermic.com/resistencias-infrarrojos.html"
"brototermic.com","images/brototermic-mux.jpg","18668","Multiplexores MUX. BROTOTERMIC, S.L.","brototermic.com/controltemperatura-convertidores.html brototermic.com/nuevos-productos.html"
"brototermic.com","images/brototermic-panel-pc.jpg","5895","Panel PC. BROTOTERMIC, S.L.","brototermic.com/controltemperatura-panelespc-software.html"
"brototermic.com","images/brototermic-paneles-conectores.jpg","10482","Paneles para conectores. BROTOTERMIC, S.L.","brototermic.com/controltemperatura-accesorios-sondas.html"
"brototermic.com","images/brototermic-pantallasemisoras.jpg","13176","Pantallas de infrarrojos PQ. BROTOTERMIC, S.L.","brototermic.com/resistencias-infrarrojos.html"
"brototermic.com","images/brototermic-pantallasinfrarrojos.jpg","10472","Pantallas infrarrojos instalación fija IRC. BROTOTERMIC, S.L.","brototermic.com/resistencias-calefaccion-industrial.html"
"brototermic.com","images/brototermic-pirometro-cslaser.jpg","9173","Pirómetro infrarrojos CS-Laser. BROTOTERMIC, S.L.","brototermic.com/controltemperatura-sensores-infrarrojos.html"
"brototermic.com","images/brototermic-pirometro-csmicro.jpg","6485","Pirómetro infrarrojos CS-Micro. BROTOTERMIC, S.L.","brototermic.com/controltemperatura-sensores-infrarrojos.html"
"brototermic.com","images/brototermic-pirometro-ctlaser.jpg","9671","Pirómetro infrarrojos Serie CT-Laser. BROTOTERMIC, S.L.","brototermic.com/controltemperatura-sensores-infrarrojos.html"
"brototermic.com","images/brototermic-pirometro-infrarrojos.jpg","6910","Pirómetro infrarrojos Serie CS. BROTOTERMIC, S.L.","brototermic.com/controltemperatura-sensores-infrarrojos.html"
"brototermic.com","images/brototermic-pistola-infrarrojos.jpg","8579","Pistola infrarrojos LASERSIGHT. BROTOTERMIC, S.L.","brototermic.com/controltemperatura-sensores-infrarrojos.html"
"brototermic.com","images/brototermic-pnas.jpg","7583","PNAS. BROTOTERMIC, S.L.","brototermic.com/controldenivel-reles-de-nivel.html"
"brototermic.com","images/brototermic-pnda-dnda.jpg","7671","PNDA-DNDA. BROTOTERMIC, S.L.","brototermic.com/controldenivel-reles-de-nivel.html"
"brototermic.com","images/brototermic-pnea-dnea.jpg","7099","PNEA-DNEA. BROTOTERMIC, S.L.","brototermic.com/controldenivel-reles-de-nivel.html"
"brototermic.com","images/brototermic-pnga-dnga.jpg","7347","PNGA-DNGA. BROTOTERMIC, S.L.","brototermic.com/controldenivel-reles-de-nivel.html"
"brototermic.com","images/brototermic-pnsa-dnsa-snsa.jpg","9383","PNSA-DNSA-SNSA. BROTOTERMIC, S.L.","brototermic.com/controldenivel-reles-de-nivel.html"
"brototermic.com","images/brototermic-pnwb.jpg","4347","IMN TP INOX. BROTOTERMIC, S.L.","brototermic.com/controldenivel-reles-de-nivel.html"
"brototermic.com","images/brototermic-ptba.jpg","8382","PTBA. BROTOTERMIC, S.L.","brototermic.com/controldenivel-reles-de-nivel.html"
"brototermic.com","images/brototermic-racores.jpg","14123","Racores deslizantes de compresión. BROTOTERMIC, S.L.","brototermic.com/controltemperatura-accesorios-sondas.html"
"brototermic.com","images/brototermic-refrigeracion-enr038.jpg","7215","Modelo ENR 038. BROTOTERMIC, S.L.","brototermic.com/equiposderefrigeracion-refrigeradores-chillers.html"
"brototermic.com","images/brototermic-refrigeradores-enr-001.jpg","6867","Modelo ENR 001. BROTOTERMIC, S.L.","brototermic.com/equiposderefrigeracion-refrigeradores-chillers.html"
"brototermic.com","images/brototermic-refrigeradores-enr-003.jpg","8049","Modelo ENR 003. BROTOTERMIC, S.L.","brototermic.com/equiposderefrigeracion-refrigeradores-chillers.html"
"brototermic.com","images/brototermic-reguladordigital.jpg","9474","Regulador digital RGL. BROTOTERMIC, S.L.","brototermic.com/controltemperatura-indicadores-de-procesos.html"
"brototermic.com","images/brototermic-reguladordis401.jpg","8857","Regulador DIS401. BROTOTERMIC, S.L.","brototermic.com/controltemperatura-indicadores-de-procesos.html"
"brototermic.com","images/brototermic-reles-estaticos.jpg","10942","Relés estáticos corriente continua. BROTOTERMIC, S.L.","brototermic.com/controltemperatura-reles-estado-solido.html"
"brototermic.com","images/brototermic-resistencia-flexible1.jpg","6456","Resistencias ALTO RENDIMINETO. BROTOTERMIC, S.L.","brototermic.com/resistencias-flexibles.html"
"brototermic.com","images/brototermic-resistencia-flexible10.jpg","15205","Cable calefactor autorregulante. BROTOTERMIC, S.L.","brototermic.com/resistencias-flexibles.html"
"brototermic.com","images/brototermic-resistencia-flexible11.jpg","11648","Mangueras calefactoras. BROTOTERMIC, S.L.","brototermic.com/resistencias-flexibles.html"
"brototermic.com","images/brototermic-resistencia-flexible12.jpg","13020","Laminares flexibles. BROTOTERMIC, S.L.","brototermic.com/resistencias-flexibles.html"
"brototermic.com","images/brototermic-resistencia-flexible2.jpg","10439","Elementos para desescarche. BROTOTERMIC, S.L.","brototermic.com/resistencias-flexibles.html"
"brototermic.com","images/brototermic-resistencia-flexible3.jpg","14045","Cable calefactor de silicona. BROTOTERMIC, S.L.","brototermic.com/resistencias-flexibles.html"
"brototermic.com","images/brototermic-resistencia-flexible4.jpg","15836","Bipolares de silicona tipo torpedo. BROTOTERMIC, S.L.","brototermic.com/resistencias-flexibles.html"
"brototermic.com","images/brototermic-resistencia-flexible5.jpg","12972","Cable calefactor tipo paralelo. BROTOTERMIC, S.L.","brototermic.com/resistencias-flexibles.html"
"brototermic.com","images/brototermic-resistencia-flexible6.jpg","11781","Resistencias cobre recocido. BROTOTERMIC, S.L.","brototermic.com/resistencias-flexibles.html"
"brototermic.com","images/brototermic-resistencia-flexible7.jpg","11323","Resistencias para compresores. BROTOTERMIC, S.L.","brototermic.com/resistencias-flexibles.html"
"brototermic.com","images/brototermic-resistencia-flexible8.jpg","10403","Cintas calefactoras alta temperatura. BROTOTERMIC, S.L.","brototermic.com/resistencias-flexibles.html"
"brototermic.com","images/brototermic-resistencia-flexible9.jpg","5231","Cable calefactor. BROTOTERMIC, S.L.","brototermic.com/resistencias-flexibles.html"
"brototermic.com","images/brototermic-resistencia-plana1.jpg","11868","Resistencias planas soporte de mica","brototermic.com/resistencias-planas.html"
"brototermic.com","images/brototermic-resistencia-plana2.jpg","6777","Resistencias planas soporte de cerámica","brototermic.com/resistencias-planas.html"
"brototermic.com","images/brototermic-resistenciainmersion.jpg","8605","Modelos NA, OV, T","brototermic.com/resistencias-inmersion.html"
"brototermic.com","images/brototermic-resistenciamonobloc.jpg","9894","Grupo Monobloc","brototermic.com/resistencias-inmersion.html"
"brototermic.com","images/brototermic-resistencias-abrazadera.jpg","15526","Resistencias abrazaderas. BROTOTERMIC, S.L.","brototermic.com/fabricaciones-a-medida.html"
"brototermic.com","images/brototermic-resistencias-aerotermos-industrial.jpg","9227","Aerotermo Industrial ATEX","brototermic.com/resistencias-atex.html brototermic.com/resistencias-calentamientoaire.html"
"brototermic.com","images/brototermic-resistencias-espiraladas.jpg","9903","Resistencias Espiraladas para Hornos Industriales","brototermic.com/resistencias-calentamientoaire.html"
"brototermic.com","images/brototermic-resistencias-nitruro.jpg","6622","Resistencias de Nitruro de Boro..","brototermic.com/resistencias-calentamientoaire.html"
"brototermic.com","images/brototermic-resistencias-paneles-calefactores.jpg","10745","Paneles Calefactores.","brototermic.com/resistencias-calentamientoaire.html"
"brototermic.com","images/brototermic-resistencias-sistemas-combinados.jpg","12528","Resistencias Sistemas Combinados","brototermic.com/resistencias-calentamientoaire.html"
"brototermic.com","images/brototermic-resistencias-tubos-radiantes.jpg","11482","Resistencias para Tubos Radiantes","brototermic.com/resistencias-calentamientoaire.html"
"brototermic.com","images/brototermic-resistencias.jpg","16326","Resistencias para horno y estufa","brototermic.com/resistencias-calentamientoaire.html"
"brototermic.com","images/brototermic-resistenciasaletadas.jpg","15501","Resistencias para calentamiento de aire aletadas","brototermic.com/resistencias-calentamientoaire.html"
"brototermic.com","images/brototermic-resistenciatrifasica.jpg","15352","Modelos DP, ED, ET","brototermic.com/resistencias-inmersion.html"
"brototermic.com","images/brototermic-secadores.jpg","6458","Secadores. BROTOTERMIC, S.L.","brototermic.com/equipos-perifericos.html"
"brototermic.com","images/brototermic-sensor-incr.jpg","4503","Sensor flotador INCR. BROTOTERMIC, S.L.","brototermic.com/controldenivel-niveles-de-flotador.html"
"brototermic.com","images/brototermic-sensor-inmr-ams.jpg","5674","Sensor flotador INMR-AMS. BROTOTERMIC, S.L.","brototermic.com/controldenivel-niveles-de-flotador.html"
"brototermic.com","images/brototermic-sensor-inmr-hyp.jpg","4795","Sensor flotador INMR HYP. BROTOTERMIC, S.L.","brototermic.com/controldenivel-niveles-de-flotador.html"
"brototermic.com","images/brototermic-sensor-inmr-inox.jpg","5461","Sensor flotador INMR INOX. BROTOTERMIC, S.L.","brototermic.com/controldenivel-niveles-de-flotador.html"
"brototermic.com","images/brototermic-sensor-inmr-vs.jpg","5931","Sensor flotador INMR-VS. BROTOTERMIC, S.L.","brototermic.com/controldenivel-niveles-de-flotador.html"
"brototermic.com","images/brototermic-sensor-inmr.jpg","5260","Sensor flotador INMR ECO. BROTOTERMIC, S.L.","brototermic.com/controldenivel-niveles-de-flotador.html"
"brototermic.com","images/brototermic-sensor-scavtb.jpg","6126","Sensor SCAV TB. BROTOTERMIC, S.L.","brototermic.com/controldenivel-sensores-capacitivos.html"
"brototermic.com","images/brototermic-sensor-scr35.jpg","6399","Sensor SCR 35. BROTOTERMIC, S.L.","brototermic.com/controldenivel-sensores-capacitivos.html"
"brototermic.com","images/brototermic-sensor-scrr35.jpg","5595","Sensor SCRR 35 T 43650. BROTOTERMIC, S.L.","brototermic.com/controldenivel-sensores-capacitivos.html"
"brototermic.com","images/brototermic-sensor-ultrasonido.jpg","5896","Sensor de ultrasonido SNU30P-1. BROTOTERMIC, S.L.","brototermic.com/controldenivel-sensores-de-ultrasonidos.html"
"brototermic.com","images/brototermic-sensorcnm10.jpg","7872","Sensor CNM 10. BROTOTERMIC, S.L.","brototermic.com/controldenivel-sensores-de-presion.html"
"brototermic.com","images/brototermic-sensorcnm20ex.jpg","7391","Sensor CNM 20 EX. BROTOTERMIC, S.L.","brototermic.com/controldenivel-sensores-de-presion.html"
"brototermic.com","images/brototermic-sensorcnm30.jpg","8321","Sensor CNM 30. BROTOTERMIC, S.L.","brototermic.com/controldenivel-sensores-de-presion.html"
"brototermic.com","images/brototermic-sensorcnpr-d.jpg","5067","Sensor CNPR-D. BROTOTERMIC, S.L.","brototermic.com/controldenivel-niveles-rotativos.html"
"brototermic.com","images/brototermic-sensorcnpr-n.jpg","5065","Sensor CNPR-N. BROTOTERMIC, S.L.","brototermic.com/controldenivel-niveles-rotativos.html"
"brototermic.com","images/brototermic-sensores-temperatura.jpg","10956","Sensores de temperatura. BROTOTERMIC, S.L.","brototermic.com/fabricaciones-a-medida.html"
"brototermic.com","images/brototermic-sensoresntc.jpg","6233","Sensores PTC. BROTOTERMIC, S.L.","brototermic.com/controltemperatura-sondastemperatura.html"
"brototermic.com","images/brototermic-sensoresptc.jpg","6598","Sensores NTC. BROTOTERMIC, S.L.","brototermic.com/controltemperatura-sondastemperatura.html"
"brototermic.com","images/brototermic-sielcod1.jpg","15049","Infrarrojo compacto IC1013NG. BROTOTERMIC, S.L.","brototermic.com/controltemperatura-indicadores-de-procesos.html"
"brototermic.com","images/brototermic-sistema-hermetico.jpg","6455","Sistema hermético latón. BROTOTERMIC, S.L.","brototermic.com/resistencias-tipo-abrazadera.html"
"brototermic.com","images/brototermic-sistemas-telecontrol.jpg","12265","Sistemas telecontrol y telemando HERMES. BROTOTERMIC, S.L.","brototermic.com/controltemperatura-termostatos.html"
"brototermic.com","images/brototermic-snda.jpg","7010","SNDA. BROTOTERMIC, S.L.","brototermic.com/controldenivel-reles-de-nivel.html"
"brototermic.com","images/brototermic-snia-sin.jpg","10632","SNIA-SIN. BROTOTERMIC, S.L.","brototermic.com/controldenivel-reles-de-nivel.html"
"brototermic.com","images/brototermic-sonda-ewhs304.jpg","5333","Sonda humedad EWHS-304","brototermic.com/presionhumedad-sondas-de-humedad.html"
"brototermic.com","images/brototermic-sonda-ewhs314.jpg","5542","Humedad/Temperatura/EWHS-314","brototermic.com/presionhumedad-sondas-de-humedad.html"
"brototermic.com","images/brototermic-sonda-humedad.jpg","11506","Sonda humedad EWHS-284","brototermic.com/presionhumedad-sondas-de-humedad.html"
"brototermic.com","images/brototermic-sonda-sta3.jpg","12293","Sonda humedad/temperatura STA-3","brototermic.com/presionhumedad-sondas-de-humedad.html"
"brototermic.com","images/brototermic-sonda-sta3e.jpg","11220","Humedad/temperatura STA-3E","brototermic.com/presionhumedad-sondas-de-humedad.html"
"brototermic.com","images/brototermic-soporte-ceramica.jpg","8251","Soporte de cerámica. BROTOTERMIC, S.L.","brototermic.com/resistencias-tipo-abrazadera.html"
"brototermic.com","images/brototermic-soporte-con-escafandra.jpg","7604","Soporte de mica. BROTOTERMIC, S.L.","brototermic.com/resistencias-tipo-abrazadera.html"
"brototermic.com","images/brototermic-soporte-sin-escafandra.jpg","7705","Soporte de mica. BROTOTERMIC, S.L.","brototermic.com/resistencias-tipo-abrazadera.html"
"brototermic.com","images/brototermic-sumergidores.jpg","11153","Sumergidores baños agresivos","brototermic.com/resistencias-inmersion.html"
"brototermic.com","images/brototermic-taponroscadorfa-cs.jpg","10565","tapón roscado y vaina RFA-CS. BROTOTERMIC, S.L.","brototermic.com/resistencias-atex.html"
"brototermic.com","images/brototermic-taponroscadorfa.jpg","12951","Tapón roscado RFA. BROTOTERMIC, S.L.","brototermic.com/resistencias-atex.html"
"brototermic.com","images/brototermic-temperatura.jpg","12827","Sonda Humedad/Temperatura cable","brototermic.com/presionhumedad-sondas-de-humedad.html"
"brototermic.com","images/brototermic-temperaturarele.jpg","5958","Transmisor Humedad/Temperatura salida relé","brototermic.com/presionhumedad-sondas-de-humedad.html"
"brototermic.com","images/brototermic-termometro-a-distancia.jpg","5146","Termómetro a distancia. BROTOTERMIC, S.L.","brototermic.com/controltemperatura-termometros.html"
"brototermic.com","images/brototermic-termometro-bimetalico-orientable.jpg","6371","Termómetros bimetálicos orientables. BROTOTERMIC, S.L.","brototermic.com/controltemperatura-termometros.html"
"brototermic.com","images/brototermic-termometro-bimetalico.jpg","8241","Termómetros bimetálicos. BROTOTERMIC, S.L.","brototermic.com/controltemperatura-termometros.html"
"brototermic.com","images/brototermic-termometro-digital-portatil.jpg","10002","Termómetro digital portátil. BROTOTERMIC, S.L.","brototermic.com/controltemperatura-termometros.html"
"brototermic.com","images/brototermic-termometro-eas62.jpg","6989","Termómetro electrónico EAS62. BROTOTERMIC, S.L.","brototermic.com/controltemperatura-termometros.html"
"brototermic.com","images/brototermic-termometro-emplus600.jpg","12491","Termómetro EMPLUS600 estandar. BROTOTERMIC, S.L.","brototermic.com/controltemperatura-termometros.html"
"brototermic.com","images/brototermic-termometro-ewtl.jpg","8785","Termómetro batería EWTL. BROTOTERMIC, S.L.","brototermic.com/controltemperatura-termometros.html"
"brototermic.com","images/brototermic-termometro-tuberia.jpg","9178","Termómetro tubería. BROTOTERMIC, S.L.","brototermic.com/controltemperatura-termometros.html"
"brototermic.com","images/brototermic-termopar.jpg","5084","Termopar propósito general. BROTOTERMIC, S.L.","brototermic.com/controltemperatura-sondastemperatura.html"
"brototermic.com","images/brototermic-termoparbayoneta.jpg","5029","Termopar bayoneta general. BROTOTERMIC, S.L.","brototermic.com/controltemperatura-sondastemperatura.html"
"brototermic.com","images/brototermic-termoparceramico.jpg","10120","Termopar cerámico. BROTOTERMIC, S.L.","brototermic.com/controltemperatura-sondastemperatura.html"
"brototermic.com","images/brototermic-termoparencamisado.jpg","5827","Termopar encamisado. BROTOTERMIC, S.L.","brototermic.com/controltemperatura-sondastemperatura.html"
"brototermic.com","images/brototermic-termopozos.jpg","5142","Vainas y Termopozos. BROTOTERMIC, S.L.","brototermic.com/controltemperatura-accesorios-sondas.html"
"brototermic.com","images/brototermic-termorresistenciartd.jpg","5064","Termorresistencia RTD. BROTOTERMIC, S.L.","brototermic.com/controltemperatura-sondastemperatura.html"
"brototermic.com","images/brototermic-termorresistenciartd2.jpg","7301","Termorresistencia aislamiento mineral. BROTOTERMIC, S.L.","brototermic.com/controltemperatura-sondastemperatura.html"
"brototermic.com","images/brototermic-termosondamango.jpg","8570","Temosonda con mango. BROTOTERMIC, S.L.","brototermic.com/controltemperatura-sondastemperatura.html"
"brototermic.com","images/brototermic-termosondavaina.jpg","8428","Termosonda en vaina. BROTOTERMIC, S.L.","brototermic.com/controltemperatura-sondastemperatura.html"
"brototermic.com","images/brototermic-termosondazocalo.jpg","7597","Termosonda con zócalo cerámico BROTOTERMIC, S.L.","brototermic.com/controltemperatura-sondastemperatura.html"
"brototermic.com","images/brototermic-termostato-ambiente.jpg","7707","Termostato ambiente a distancia. BROTOTERMIC, S.L.","brototermic.com/controltemperatura-termostatos.html"
"brototermic.com","images/brototermic-termostato-capilar-tripolares.jpg","8197","Termostato bulbo capilar tripolares. BROTOTERMIC, S.L.","brototermic.com/controltemperatura-termostatos.html"
"brototermic.com","images/brototermic-termostato-digital.jpg","4773","Termostato ambiente digital. BROTOTERMIC, S.L.","brototermic.com/controltemperatura-termostatos.html"
"brototermic.com","images/brototermic-termostato-inmersion-tc2.jpg","12148","Termostato inmersión TC-2. BROTOTERMIC, S.L.","brototermic.com/controltemperatura-termostatos.html"
"brototermic.com","images/brototermic-termostato-liquidos-agresivos.jpg","4930","Termostato líquidos agresivos. BROTOTERMIC, S.L.","brototermic.com/controltemperatura-termostatos.html"
"brototermic.com","images/brototermic-termostato-mecanico.jpg","7741","Termostato ambiente mecánico. BROTOTERMIC, S.L.","brototermic.com/controltemperatura-termostatos.html"
"brototermic.com","images/brototermic-termostato-regulable-brc.jpg","5931","Termostato regulable tubería BRC. BROTOTERMIC, S.L.","brototermic.com/controltemperatura-termostatos.html"
"brototermic.com","images/brototermic-termostato-seguridad-ls1.jpg","11653","Termostato limitador seguridad LS-1. BROTOTERMIC, S.L.","brototermic.com/controltemperatura-termostatos.html"
"brototermic.com","images/brototermic-termostatos-estanco-capilar.jpg","10637","Termostato estanco capilar a distancia. BROTOTERMIC, S.L.","brototermic.com/controltemperatura-termostatos.html"
"brototermic.com","images/brototermic-termostatos-estancos.jpg","9380","Termostatos estancos. BROTOTERMIC, S.L.","brototermic.com/controltemperatura-termostatos.html"
"brototermic.com","images/brototermic-termostatos-regulable-tr2.jpg","12555","Termostato regulable TR2. BROTOTERMIC, S.L.","brototermic.com/controltemperatura-termostatos.html"
"brototermic.com","images/brototermic-tmn300db-inox.jpg","6584","TMN 300 DB INOX. BROTOTERMIC, S.L.","brototermic.com/controldenivel-transductores-magneticos.html"
"brototermic.com","images/brototermic-tmn300tb-inox.jpg","5206","TMN 300 TB INOX. BROTOTERMIC, S.L.","brototermic.com/controldenivel-transductores-magneticos.html"
"brototermic.com","images/brototermic-transmisor-tpsp22.jpg","6862","Transmisor TPSP22. BROTOTERMIC, S.L.","brototermic.com/presionhumedad-sensores-de-presion.html"
"brototermic.com","images/brototermic-transmisor-tpsp32.jpg","5669","Transmisor TPSP 32. BROTOTERMIC, S.L.","brototermic.com/presionhumedad-sensores-de-presion.html"
"brototermic.com","images/brototermic-transmisor-tpsp41.jpg","5906","Transmisor TPSP41. BROTOTERMIC, S.L.","brototermic.com/presionhumedad-sensores-de-presion.html"
"brototermic.com","images/brototermic-transmisor-tpsp42.jpg","5160","Transmisor TPSP42. BROTOTERMIC, S.L.","brototermic.com/presionhumedad-sensores-de-presion.html"
"brototermic.com","images/brototermic-trifasicosris.jpg","14700","Convectores trifásicos RIS. BROTOTERMIC, S.L.","brototermic.com/resistencias-calefaccion-industrial.html"
"brototermic.com","images/brototermic-ventiladores-axiales.jpg","13870","Ventiladores axiales. BROTOTERMIC, S.L.","brototermic.com/ventilacion.html"
"brototermic.com","images/brototermic-ventiladores-centrifugos.jpg","8824","Ventiladores centrífugos. BROTOTERMIC, S.L.","brototermic.com/ventilacion.html"
"brototermic.com","images/brototermic-ventiladores-compactos.jpg","11319","Ventiladores compactos. BROTOTERMIC, S.L.","brototermic.com/ventilacion.html"
"brototermic.com","images/brototermic-ventiladores-tangenciales.jpg","12677","Ventiladores tangenciales. BROTOTERMIC, S.L.","brototermic.com/ventilacion.html"
"brototermic.com","images/brototermic-video-fuji.jpg","11362","Video registrador FUJI. BROTOTERMIC, S.L.","brototermic.com/controltemperatura-videoregistradores.html"
"brototermic.com","images/brototermic-video-ohkura.jpg","11090","Video registrador OHKURA. BROTOTERMIC, S.L.","brototermic.com/controltemperatura-videoregistradores.html"
"brototermic.com","images/brototermic-zonasclasificadas.jpg","9569","Zonas clasificadas FUH. BROTOTERMIC, S.L.","brototermic.com/resistencias-atex.html"
"brototermic.com","images/brototermic.jpg","19991","BROTOTERMIC, S.L.","brototermic.com/index.html"
"brototermic.com","images/Catalogos-de-brototermic.jpg","4799","Catálogos de BROTOTERMIC, S.L.","brototermic.com/index.html"
"brototermic.com","images/controlador-doble-lazo-re92-brototermic.jpg","10696","Indicador Gran formato DG-01. BROTOTERMIC, S.L.","brototermic.com/controltemperatura-indicadores-de-procesos.html"
"brototermic.com","images/equipos-de-refrigeracion.jpg","12430","Equipos de refrigeración. BROTOTERMIC, S.L.","brototermic.com/nuevos-productos.html"
"brototermic.com","images/footer-logo.jpg","3138","BROTOTERMIC, S.L. / (sin alt)","brototermic.com/contacto.html brototermic.com/controldenivel-interruptores-magneticos.html brototermic.com/controldenivel-niveles-de-flotador.html brototermic.com/controldenivel-niveles-rotativos.html brototermic.com/controldenivel-reles-de-nivel.html brototermic.com/controldenivel-sensores-capacitivos.html brototermic.com/controldenivel-sensores-conductivos.html brototermic.com/controldenivel-sensores-de-presion.html brototermic.com/controldenivel-sensores-de-ultrasonidos.html brototermic.com/controldenivel-transductores-magneticos.html brototermic.com/controltemperatura-accesorios-sondas.html brototermic.com/controltemperatura-cables-compensacion.html brototermic.com/controltemperatura-convertidores.html brototermic.com/controltemperatura-dataloggers.html brototermic.com/controltemperatura-equipos-de-medicion.html brototermic.com/controltemperatura-indicadores-de-procesos.html brototermic.com/controltemperatura-panelespc-software.html brototermic.com/controltemperatura-reles-estado-solido.html brototermic.com/controltemperatura-sensores-infrarrojos.html brototermic.com/controltemperatura-sondastemperatura.html brototermic.com/controltemperatura-termometros.html brototermic.com/controltemperatura-termostatos.html brototermic.com/controltemperatura-videoregistradores.html brototermic.com/cookies.html brototermic.com/empresa.html brototermic.com/equipos-perifericos.html brototermic.com/equiposderefrigeracion-refrigeradores-chillers.html brototermic.com/fabricaciones-a-medida.html brototermic.com/hornos-industriales.html brototermic.com/index.html brototermic.com/mapa-web.html brototermic.com/nuevos-productos.html brototermic.com/presionhumedad-sensores-de-presion.html brototermic.com/presionhumedad-sondas-de-humedad.html brototermic.com/privacidad.html brototermic.com/resistencias-atex.html brototermic.com/resistencias-calefaccion-industrial.html brototermic.com/resistencias-calentamientoaire.html brototermic.com/resistencias-especiales-a-medida.html brototermic.com/resistencias-flexibles.html brototermic.com/resistencias-infrarrojos.html brototermic.com/resistencias-inmersion.html brototermic.com/resistencias-mantas-calefactoras.html brototermic.com/resistencias-planas.html brototermic.com/resistencias-tipo-abrazadera.html brototermic.com/resistencias-tipo-cartucho.html brototermic.com/ventilacion.html"
"brototermic.com","images/indicadores-universales-itp1-brototermic.jpg","10311","Indicadores  Universales ITP1. BROTOTERMIC, S.L.","brototermic.com/controltemperatura-indicadores-de-procesos.html"
"brototermic.com","images/nuevos-productos-brototermic.jpg","5802","Nuevos productos BROTOTERMIC","brototermic.com/index.html"
"brototermic.com","images/Pdf_icon.png","2106","Ver Ficha Técnica / Ver CAÑAS PIROMÉTRICAS / Ver ACABADOS DE CARTUCHOS","brototermic.com/controltemperatura-indicadores-de-procesos.html brototermic.com/controltemperatura-sondastemperatura.html brototermic.com/resistencias-tipo-cartucho.html"
"brototermic.com","images/productos-a-medida-brototermic.jpg","4580","Productos a medida BROTOTERMIC","brototermic.com/index.html"
"brototermic.com","images/slide-1.jpg","54018","BROTOTERMIC, S.L. Resistencias","brototermic.com/index.html"
"brototermic.com","images/slide-2.jpg","82248","BROTOTERMIC, S.L. Ventiladores","brototermic.com/index.html"
"brototermic.com","images/slide-3.jpg","44446","BROTOTERMIC, S.L. Sondas","brototermic.com/index.html"
"brototermic.com","images/slide-4.jpg","48726","BROTOTERMIC, S.L. Niveles","brototermic.com/index.html"
"brototermic.com","images/Tabla-fabricacion.jpg","95078","BROTOTERMIC, S.L Tabla de fabricación","brototermic.com/resistencias-especiales-a-medida.html"
"brototermic.com","oviedo/images/brototermic-distribuciones-insdustriales.jpg","16135","BROTOTERMIC, S.L. Nueva delegación en Asturias","brototermic.com/oviedo/index.html"
"brototermic.com","oviedo/images/brototermic-oviedo.jpg","32524","BROTOTERMIC. Nueva delegación en Oviedo","brototermic.com/oviedo/index.html"
"brototermic.com","oviedo/images/disibent-brototermic-oviedo.jpg","27564","Disibeint|BROTOTERMIC, SL. Oviedo","brototermic.com/oviedo/index.html"
"brototermic.com","oviedo/images/Ebm-Papst-brototermic-oviedo.jpg","29160","Ebm-Papst|BROTOTERMIC, SL. Oviedo","brototermic.com/oviedo/index.html"
"brototermic.com","oviedo/images/electticfor-brototermic-oviedo.jpg","21263","Electricfor|BROTOTERMIC, SL Oviedo","brototermic.com/oviedo/index.html"
"brototermic.com","oviedo/images/eliwell-Papst-brototermic-oviedo.jpg","22278","Eliwell|BROTOTERMIC, SL. Oviedo","brototermic.com/oviedo/index.html"
"brototermic.com","oviedo/images/instrumentacion-brototermic-oviedo.jpg","2771","catalogo","brototermic.com/oviedo/index.html"
"brototermic.com","oviedo/images/logotipo-brototermic-oviedo.png","63471","BROTOTERMIC Oviedo. Delegación de Asturias / BROTOTERMIC Oviedo. Delegación Asturias","brototermic.com/oviedo/index.html brototermic.com/oviedo/politica-de-cookies-brototermic-oviedo.html brototermic.com/oviedo/politica-de-privacidad-brototermic-oviedo.html"
"brototermic.com","oviedo/images/mercado-aplicacion-brototermic-oviedo.jpg","3096","catalogo","brototermic.com/oviedo/index.html"
"brototermic.com","oviedo/images/mesel-brototermic-oviedo.jpg","21443","Mesel|BROTOTERMIC, SL. Oviedo","brototermic.com/oviedo/index.html"
"brototermic.com","oviedo/images/productos-a-medida-brototermic-oviedo.jpg","3746","catalogo","brototermic.com/oviedo/index.html"
"brototermic.com","oviedo/images/resistencias1-brototermic-oviedo.jpg","5119","catalogo","brototermic.com/oviedo/index.html"
"brototermic.com","oviedo/images/sanara-brototermic-oviedo.jpg","27877","Sanara|BROTOTERMIC, SL. Oviedo","brototermic.com/oviedo/index.html"
"www.brototermic.es","images/brototermic-distribuciones-insdustriales.jpg","16135","BROTOTERMIC, S.L. Nueva delegación en Asturias","www.brototermic.es/index.html"
"www.brototermic.es","images/brototermic-oviedo.jpg","32524","BROTOTERMIC. Nueva delegación en Oviedo","www.brototermic.es/index.html"
"www.brototermic.es","images/disibent-brototermic-oviedo.jpg","27564","Disibeint|BROTOTERMIC, SL. Oviedo","www.brototermic.es/index.html"
"www.brototermic.es","images/Ebm-Papst-brototermic-oviedo.jpg","29160","Ebm-Papst|BROTOTERMIC, SL. Oviedo","www.brototermic.es/index.html"
"www.brototermic.es","images/electticfor-brototermic-oviedo.jpg","21263","Electricfor|BROTOTERMIC, SL Oviedo","www.brototermic.es/index.html"
"www.brototermic.es","images/eliwell-Papst-brototermic-oviedo.jpg","22278","Eliwell|BROTOTERMIC, SL. Oviedo","www.brototermic.es/index.html"
"www.brototermic.es","images/instrumentacion-brototermic-oviedo.jpg","2771","catalogo","www.brototermic.es/index.html"
"www.brototermic.es","images/logotipo-brototermic-oviedo.png","63471","BROTOTERMIC Oviedo. Delegación de Asturias / BROTOTERMIC Oviedo. Delegación Asturias","www.brototermic.es/index.html www.brototermic.es/politica-de-cookies-brototermic-oviedo.html www.brototermic.es/politica-de-privacidad-brototermic-oviedo.html"
"www.brototermic.es","images/mercado-aplicacion-brototermic-oviedo.jpg","3096","catalogo","www.brototermic.es/index.html"
"www.brototermic.es","images/mesel-brototermic-oviedo.jpg","21443","Mesel|BROTOTERMIC, SL. Oviedo","www.brototermic.es/index.html"
"www.brototermic.es","images/productos-a-medida-brototermic-oviedo.jpg","3746","catalogo","www.brototermic.es/index.html"
"www.brototermic.es","images/resistencias1-brototermic-oviedo.jpg","5119","catalogo","www.brototermic.es/index.html"
"www.brototermic.es","images/sanara-brototermic-oviedo.jpg","27877","Sanara|BROTOTERMIC, SL. Oviedo","www.brototermic.es/index.html"
