archivo,tipo,plantilla,title_antiguo,title_nuevo_propuesto,meta_nueva_propuesta,h1_propuesto,keyword_principal,num_productos,prioridad,responsable,dia,estado
"index.html","inicio","inicio","Componentes Industriales e Instrumentación|BROTOTERMIC Vitoria","Componentes industriales e instrumentación | BROTOTERMIC","Distribuidor de resistencias eléctricas calefactoras e instrumentación industrial: temperatura, nivel, presión y humedad. Fabricación a medida en Vitoria.","Resistencias eléctricas e instrumentación industrial","componentes industriales e instrumentación [POR VERIFICAR GSC]","","alta","A","2","pendiente"
"resistencias-electricas.html","familia","familia","(página nueva)","Resistencias eléctricas calefactoras | BROTOTERMIC","Resistencias eléctricas de inmersión, cartucho, abrazadera, flexibles, planas, infrarrojos y ATEX. Amplio stock y fabricación a medida. Pide presupuesto.","Resistencias eléctricas calefactoras","resistencias eléctricas","","alta","B","2","pendiente"
"controltemperatura.html","familia","familia","(página nueva)","Control de temperatura industrial | BROTOTERMIC","Sondas de temperatura, termopares, controladores, termostatos, termómetros, dataloggers y relés de estado sólido para la industria. Solicita presupuesto.","Control de temperatura","control de temperatura","","alta","B","2","pendiente"
"controldenivel.html","familia","familia","(página nueva)","Control de nivel para líquidos y sólidos | BROTOTERMIC","Control de nivel: flotadores, interruptores magnéticos, sensores conductivos, capacitivos, de presión y ultrasonidos, y relés de nivel. Pide presupuesto.","Control de nivel","control de nivel","","alta","B","3","pendiente"
"presionhumedad.html","familia","familia","(página nueva)","Sensores de presión y humedad | BROTOTERMIC","Sondas de humedad y temperatura, transmisores de presión y detectores de presión para el control de procesos industriales. Pide presupuesto.","Presión y humedad","presión y humedad","","alta","B","3","pendiente"
"resistencias-inmersion.html","categoria","categoria","Resistencias para inmersion|Componentes industriales","Resistencias para inmersión | BROTOTERMIC","Resistencias para inmersión en agua, aceite y líquidos agresivos: tapón roscado, bridas, calentadores al paso y sumergidores. Fabricación a medida.","Resistencias para inmersión","resistencias para inmersión","14","alta","B","1","pendiente"
"resistencias-calentamientoaire.html","categoria","categoria","Resistencias para el calentamiento de aire|BROTOTERMIC Vitoria","Resistencias calentamiento de aire | BROTOTERMIC Vitoria","Resistencias para calentamiento de aire aletadas, baterías eléctricas, para hornos y estufas, de nitruro de boro y paneles calefactores. Presupuesto.","Resistencias para calentamiento de aire","resistencias para calentamiento de aire","14","alta","B","2","pendiente"
"resistencias-flexibles.html","categoria","categoria","Resistencias flexibles|BROTOTERMIC.","Resistencias flexibles y cables calefactores | BROTOTERMIC","Resistencias flexibles: cables calefactores de silicona, autorregulantes y de aislamiento mineral, cintas, mangueras y bandas calefactoras. Presupuesto.","Resistencias flexibles","resistencias flexibles","15","alta","B","2","pendiente"
"resistencias-infrarrojos.html","categoria","categoria","Resistencias infrarrojos flexibles|BROTOTERMIC Vitoria.","Resistencias infrarrojos | BROTOTERMIC Vitoria","Resistencias infrarrojos: barritas de cuarzo, emisores de onda corta, media y larga, emisores cerámicos y equipos infrarrojos compactos. Pide presupuesto.","Resistencias y emisores infrarrojos","resistencias infrarrojos","17","media","B","2","pendiente"
"resistencias-tipo-cartucho.html","categoria","categoria","Resistencias tipo cartucho|BROTOTERMIC Vitoria","Resistencias tipo cartucho | BROTOTERMIC Vitoria","Resistencias tipo cartucho de alta y baja carga, microwatt, con termopar incorporado y cartuchos expan. Amplio stock y fabricación a medida. Presupuesto.","Resistencias tipo cartucho","resistencias tipo cartucho","5","alta","B","2","pendiente"
"resistencias-tipo-abrazadera.html","categoria","categoria","Resistencias tipo abrazadera|BROTOTERMIC Vitoria","Resistencias tipo abrazadera | BROTOTERMIC Vitoria","Resistencias tipo abrazadera con soporte de mica o de cerámica, con o sin escafandra, y sistemas herméticos de latón e inoxidable. Fabricación a medida.","Resistencias tipo abrazadera","resistencias tipo abrazadera","7","alta","B","2","pendiente"
"resistencias-planas.html","categoria","categoria","Resistencias planas soporte mica y de cerámica|BROTOTERMIC","Resistencias planas de mica y cerámica | BROTOTERMIC","Resistencias planas con soporte de mica, hasta 400 ºC, y con soporte de cerámica. Orificios para termopar y taladros según demanda. Pide presupuesto.","Resistencias planas","resistencias planas","2","media","B","2","pendiente"
"resistencias-calefaccion-industrial.html","categoria","categoria","Calefacción Industrial|BROTOTERMIC Vitoria","Calefacción industrial y aerotermos | BROTOTERMIC Vitoria","Calefacción industrial: aerotermos eléctricos ANB y RMO, convectores trifásicos y monofásicos, cortinas de aire caliente y pantallas de infrarrojos.","Calefacción industrial","calefacción industrial","7","media","B","2","pendiente"
"resistencias-atex.html","categoria","categoria","Resistencias ATEX|BROTOTERMIC Componentes Industriales|Vitoria","Resistencias ATEX | BROTOTERMIC Vitoria","Resistencias ATEX para atmósferas explosivas: inmersión con tapón roscado, calentadores de bidón, convectores y calefactores para armarios. Presupuesto.","Resistencias ATEX","resistencias ATEX","7","alta","B","2","pendiente"
"resistencias-especiales-a-medida.html","categoria","categoria","Fabricación especial y a medida|BROTOTERMIC","Resistencias: fabricación especial y a medida | BROTOTERMIC","Fabricamos cualquier tipo de resistencia eléctrica a partir de un plano, de una muestra o de un diseño propio. Asesoramiento técnico y presupuesto.","Resistencias especiales a medida","fabricación especial y a medida","0","alta","B","2","pendiente"
"resistencias-mantas-calefactoras.html","categoria","categoria","Mantas calefactoras|BROTOTERMIC VITORIA","Mantas calefactoras | BROTOTERMIC Vitoria","Mantas calefactoras para depósitos IBC y bidones, también certificadas ATEX, con termostatos regulables. Camisas y coberturas aislantes. Pide presupuesto.","Mantas calefactoras para bidones y depósitos IBC","mantas calefactoras","7","alta","B","2","pendiente"
"controltemperatura-sondastemperatura.html","categoria","categoria","Sondas de temperatura|Control de temperatura|BROTOTERMIC Vitoria","Sondas de temperatura | BROTOTERMIC Vitoria","Fabricación a medida de sondas de temperatura: termopares J, K, T, R, S y termorresistencias Pt100 y Pt1000, con cable o cabeza de conexiones. Presupuesto.","Sondas de temperatura: termopares y termorresistencias","sondas de temperatura","11","alta","B","2","pendiente"
"controltemperatura-convertidores.html","categoria","categoria","Convertidores de señal|Control de temperatura","Convertidores de señal y multiplexores | BROTOTERMIC","Convertidores de señal para carril DIN y cabezal, configurables por el usuario con software y cable USB, y multiplexores MUX. Pide presupuesto.","Convertidores de señal","convertidores de señal","6","media","B","2","pendiente"
"controltemperatura-cables-compensacion.html","categoria","categoria","Cables de compensación|Control de temperatura","Cables de compensación para termopares | BROTOTERMIC","Cables de compensación para termopares y termorresistencias de 0,25 a 1,3 mm, cables de alta temperatura y libres de halógenos. Amplio stock.","Cables de compensación y especiales","cables de compensación","3","media","B","2","pendiente"
"controltemperatura-indicadores-de-procesos.html","categoria","categoria","Controladores e indicadores de procesos|BROTOTERMIC Vitoria","Controladores e indicadores de proceso | BROTOTERMIC Vitoria","Controladores de temperatura a microprocesador PID, reguladores digitales, indicadores universales y de gran formato y módulos de adquisición de datos.","Controladores e indicadores de procesos","controladores e indicadores de procesos","17","media","B","2","pendiente"
"controltemperatura-videoregistradores.html","categoria","categoria","Vídeo registradores|Control de temperatura|BROTOTERMIC Vitoria","Vídeo registradores | BROTOTERMIC Vitoria","Vídeo registradores FUJI y OHKURA con pantalla TFT en color, entradas analógicas según modelo y almacenamiento de datos. Consulta y pide presupuesto.","Vídeo registradores","vídeo registradores","2","baja","B","2","pendiente"
"controltemperatura-dataloggers.html","categoria","categoria","Dataloggers|Control de temperatura|BROTOTERMIC Vitoria","Dataloggers | BROTOTERMIC Vitoria","Dataloggers Log-Tag de temperatura y humedad con hasta 8.000 puntos de medición, interfaz LTI y datalogger USB OM-EL. Consulta modelos y pide presupuesto.","Dataloggers","dataloggers","5","baja","B","2","pendiente"
"controltemperatura-panelespc-software.html","categoria","categoria","Paneles pc software|Control de termperatura|BROTOTERMIC Vitoria","Paneles PC y software | BROTOTERMIC Vitoria","Paneles PC de aluminio con y sin pantalla táctil, de 6,4 a 30 pulgadas, y software Datacare de adquisición de datos para procesos. Solicita presupuesto.","Paneles PC y software","paneles PC","2","baja","B","2","pendiente"
"controltemperatura-accesorios-sondas.html","categoria","categoria","Sondas de temperatura|control de temperatura|BROTOTERMIC","Accesorios para sondas de temperatura | BROTOTERMIC","Accesorios para sondas de temperatura: conectores compensados estándar, mini y cerámicos, conectores RTD, racores, cabezales, vainas y termopozos.","Accesorios para sondas","accesorios para sondas [POR VERIFICAR GSC]","8","baja","B","2","pendiente"
"controltemperatura-sensores-infrarrojos.html","categoria","categoria","Sensores infrarrojos|Cámaras termográficas","Sensores infrarrojos y cámaras termográficas | BROTOTERMIC","Pirómetros infrarrojos de las series CS y CT, pistola de infrarrojos LASERSIGHT y cámaras termográficas fijas para medir temperatura sin contacto.","Sensores de infrarrojos y cámaras termográficas","sensores infrarrojos","7","media","B","2","pendiente"
"controltemperatura-termometros.html","categoria","categoria","Termométros|Control de temperatura|BROTOTERMIC Vitoria","Termómetros | BROTOTERMIC Vitoria","Termómetros electrónicos multientrada y con memoria de máximas y mínimas, bimetálicos, orientables, a distancia, de tubería y digitales portátiles.","Termómetros","termómetros","8","media","B","2","pendiente"
"controltemperatura-termostatos.html","categoria","categoria","Termostatos|Control de temperatura|BROTOTERMIC Vitoria","Termostatos | BROTOTERMIC Vitoria","Termostatos estancos, de capilar, de inmersión, limitadores de seguridad y de ambiente, cronotermostatos y sistemas de telecontrol GSM. Pide presupuesto.","Termostatos","termostatos","16","media","B","2","pendiente"
"controltemperatura-equipos-de-medicion.html","categoria","categoria","Equipos de medición|Control de temperatura|BROTOTERMIC Vitoria","Equipos de medición | BROTOTERMIC Vitoria","Calibradores de procesos que generan y simulan señales de termopar, RTD, volts y mA, y horno de calibración portátil. Certificado de calibración incluido.","Equipos de medición y calibración","equipos de medición","2","baja","B","2","pendiente"
"controltemperatura-reles-estado-solido.html","categoria","categoria","Relés estado sólido|Control de temperatura|BROTOTERMIC Vitoria","Relés estado sólido | BROTOTERMIC Vitoria","Relés de estado sólido de las gamas Celpac, Celpac2G y Okpac, y relés estáticos de corriente continua para control de potencia. Pide presupuesto.","Relés de estado sólido","relés estado sólido","4","baja","B","2","pendiente"
"presionhumedad-sondas-de-humedad.html","categoria","categoria","Sondas de Presión y Humedad|Componentes electrónicos","Sondas de humedad | Presión y humedad | BROTOTERMIC","Sondas de humedad y de humedad y temperatura EWHS y STA, de pared, ambiente y con cable, y transmisores de humedad con salida 4-20 mA. Pide presupuesto.","Sondas de humedad","sondas de humedad","8","media","B","3","pendiente"
"presionhumedad-sensores-de-presion.html","categoria","categoria","Sensores de presión y humedad|BROTOTERMIC Vitoria","Sensores de presión industriales | BROTOTERMIC Vitoria","Sensores de presión industriales: transmisores TPSP y TPSM con sensor cerámico y salida 4-20 mA o 0-10 V, y detectores de presión PA y PN. Presupuesto.","Sensores de presión industriales","sensores de presión","7","media","B","3","pendiente"
"controldenivel-niveles-de-flotador.html","categoria","categoria","Niveles de flotador|Control de nivel|BROTOTERMIC","Niveles de flotador | Control de nivel | BROTOTERMIC","Sensores de nivel de flotador INCR e INMR para el control de máximo o mínimo nivel en procesos de llenado o vaciado de líquidos. Pide presupuesto.","Niveles de flotador","niveles de flotador","6","media","B","3","pendiente"
"controldenivel-interruptores-magneticos.html","categoria","categoria","Interruptores magnéticos|Control de nivel|BROTOTERMIC Vitoria","Interruptores magnéticos | BROTOTERMIC Vitoria","Interruptores magnéticos de nivel IMN con contactos reed para detectar uno o varios puntos de nivel en líquidos, en inoxidable, PVC y nylon. Presupuesto.","Interruptores magnéticos de nivel","interruptores magnéticos","13","media","B","3","pendiente"
"controldenivel-sensores-conductivos.html","categoria","categoria","Sensores conductivos|Control de nivel|BROTOTERMIC Vitoria","Sensores conductivos | BROTOTERMIC Vitoria","Electrodos y porta-electrodos conductivos para controlar el nivel de líquidos conductivos en depósitos pequeños y pozos profundos. Pide presupuesto.","Sensores conductivos","sensores conductivos","7","media","B","3","pendiente"
"controldenivel-sensores-capacitivos.html","categoria","categoria","Sensores capacitivos|Control de nivel|BROTOTERMIC Vitoria","Sensores capacitivos | BROTOTERMIC Vitoria","Sensores capacitivos SCR y SCAV para el control de máximo y mínimo nivel de productos en grano, polvo, áridos y productos químicos. Pide presupuesto.","Sensores capacitivos","sensores capacitivos","3","baja","B","3","pendiente"
"controldenivel-transductores-magneticos.html","categoria","categoria","Sensores de presión|Control de nivel|BROTOTERMIC Vitoria","Transductores magnéticos | BROTOTERMIC Vitoria","Transductores magnéticos de nivel TMN 300 en inoxidable para una lectura continua del nivel de líquido, para sistemas de 2, 3 o 4 hilos. Presupuesto.","Transductores magnéticos","transductores magnéticos [POR VERIFICAR GSC]","2","baja","B","3","pendiente"
"controldenivel-sensores-de-presion.html","categoria","categoria","Sensores de presión|Control de nivel|BROTOTERMIC Vitoria","Sensores de nivel por presión | BROTOTERMIC Vitoria","Sensores de nivel por presión de membrana CNM para productos sólidos de flujo fácil en silos, con membranas opcionales. Consulta modelos y presupuesto.","Sensores de nivel por presión","sensores de presión","3","baja","B","3","pendiente"
"controldenivel-sensores-de-ultrasonidos.html","categoria","categoria","Sensores de ultrasonidos|Control de nivel|BROTOTERMIC Vitoria","Sensores de ultrasonidos | BROTOTERMIC Vitoria","Sensor de nivel por ultrasonidos SNU30P-1 con pulsador de autoajuste y salida PNP más 4-20 mA para medir el nivel de producto en depósitos. Presupuesto.","Sensores de ultrasonidos","sensores de ultrasonidos","1","baja","B","3","pendiente"
"controldenivel-niveles-rotativos.html","categoria","categoria","Niveles Rotativos|Control de nivel|BROTOTERMIC Vitoria","Niveles rotativos | BROTOTERMIC Vitoria","Niveles rotativos de paleta CNPR-N y CNPR-D para el control de nivel de productos sólidos a granel mediante moto-reductor y microrruptores. Presupuesto.","Niveles rotativos","niveles rotativos","2","baja","B","3","pendiente"
"controldenivel-reles-de-nivel.html","categoria","categoria","Relés de nivel|Control de nivel|BROTOTERMIC Vitoria","Relés de nivel | BROTOTERMIC Vitoria","Relés de nivel para líquidos conductivos en depósitos, pozos y estanques: control de máximo y mínimo nivel con distintas sensibilidades. Presupuesto.","Relés de nivel","relés de nivel","9","baja","B","3","pendiente"
"ventilacion.html","categoria","categoria","Ventilación|BROTOTERMIC VITORIA","Ventilación y ventiladores | BROTOTERMIC Vitoria","Ventiladores compactos para CA y CC, de 25x25 a 280x280 mm, ventiladores axiales de bajo nivel de ruido, centrífugos y tangenciales. Pide presupuesto.","Ventilación","ventilación","4","media","B","3","pendiente"
"equipos-perifericos.html","categoria","categoria","Equipos periféricos|Distribución de componentes industriales","Equipos periféricos para termoplásticos | BROTOTERMIC","Maquinaria auxiliar para la transformación de termoplásticos: alimentadores, atemperadores, deshumidificadores, dosificadores, mezcladores y secadores.","Equipos periféricos para termoplásticos","equipos periféricos","9","media","B","3","pendiente"
"equiposderefrigeracion-refrigeradores-chillers.html","categoria","categoria","Equipos de refrigeración|Refrigeradores CHILLERS","Equipos de refrigeración: chillers ENR | BROTOTERMIC","Refrigeradores y enfriadoras de agua tipo chiller con certificado PED, condensación por agua o por aire y opción free-cooling, de 1 a 1500 kW.","Equipos de refrigeración: chillers","equipos de refrigeración","3","media","B","3","pendiente"
"hornos-industriales.html","categoria","categoria","Hornos Industriales|BROTOTERMIC Componentes Industriales|Vitoria","Hornos industriales Mic, Metalar y SM | BROTOTERMIC Vitoria","Hornos industriales y hornos mufla eléctricos para tratamiento térmico y microfusión: modelos Mic, Metalar y SM. Consulta y pide presupuesto.","Hornos industriales","hornos industriales","3","media","B","3","pendiente"
"empresa.html","servicio","servicio","Empresa BROTOTERMIC SL|Vitoria","Empresa: distribución industrial | BROTOTERMIC Vitoria","BROTOTERMIC, antes Comercial Broto: distribución de resistencias e instrumentación para la industria del País Vasco, provincias limítrofes y Asturias.","Nuestra historia","empresa BROTOTERMIC [POR VERIFICAR GSC]","","media","B","3","pendiente"
"fabricaciones-a-medida.html","servicio","servicio","Fabricación a medida de componentes industriales|BROTOTERMIC","Fabricación a medida de componentes | BROTOTERMIC","Fabricación a medida de resistencias eléctricas calefactoras, equipos de calentamiento, sensores de temperatura y detectores de nivel. Envíanos tu plano.","Fabricaciones a medida","fabricación a medida","","alta","B","2","pendiente"
"nuevos-productos.html","servicio","servicio","Nuevos productos|Componentes Industriales e Instrumentación","Nuevos productos y novedades | BROTOTERMIC","Novedades en nuestro catálogo: chillers con opción free-cooling, sensores de nivel con IoT industrial, calefactores de inmersión ATEX y multiplexores MUX.","Nuevos productos","nuevos productos","","baja","B","3","pendiente"
"contacto/contacto.html","servicio","contacto","Componentes Industriales|BROTOTERMIC Vitoria","Contacto: componentes industriales | BROTOTERMIC Vitoria","Contacta con BROTOTERMIC en Vitoria-Gasteiz (945 22 33 31) o en Oviedo (629 462 642). Pide presupuesto de resistencias e instrumentación con plano o foto.","Contacto y presupuestos","componentes industriales Vitoria [POR VERIFICAR GSC]","","alta","A","2","pendiente"
"oviedo/index.html","sede","sede","BROTOTERMIC, SL Oviedo Componentes Industriales e Instrumentación|","Componentes industriales en Oviedo y Asturias | BROTOTERMIC","Delegación de BROTOTERMIC en Oviedo: resistencias eléctricas calefactoras e instrumentación industrial para empresas de Asturias. Llano Ponte, 8.","BROTOTERMIC en Oviedo: delegación de Asturias","componentes industriales Oviedo [POR VERIFICAR GSC]","","alta","B","3","pendiente"
"mapa-web.html","servicio","legal","Mapa Web|Componentes Industriales e Instrumentación|Vitoria","Mapa web | BROTOTERMIC Vitoria","Mapa web de BROTOTERMIC: las familias y categorías de resistencias eléctricas, control de temperatura, nivel, presión y humedad, servicios y contacto.","Mapa web","mapa web","","baja","A","3","pendiente"
"privacidad.html","legal","legal","Privacidad|Distribuciones Industriales e instrumentación","Política de privacidad | BROTOTERMIC","Política de privacidad y aviso legal de BROTOTERMIC, S.L.: responsable del tratamiento, finalidad, legitimación, conservación de los datos y tus derechos.","Política de privacidad","política de privacidad","","baja","B","3","pendiente"
"cookies.html","legal","legal","Cookies|Distribuciones Industriales e instrumentación","Política de cookies | BROTOTERMIC","Política de cookies de BROTOTERMIC, S.L.: qué son las cookies, cuáles utiliza esta web y cómo puedes rechazarlas o eliminarlas desde tu navegador.","Política de cookies","política de cookies","","baja","B","3","pendiente"
