archivo,paginas,accion,prioridad,retoque_manual,alt_nuevo_propuesto,notas
"/images/broto-fabricacion.jpg","resistencias-especiales-a-medida.html","CONVERTIR","alta","","Esquema de resistencia tubular blindada con zona calorífica y zonas inactivas","512x140: JPG optimizado + WebP 480 (sin ampliar)."
"/images/brototermic-aerotermoanb.jpg","resistencias-calefaccion-industrial.html","AMPLIAR_X2","media","","Aerotermo eléctrico ANB","260x168: ampliación automática ×2 en lote; se sirve a 480 px (JPG + WebP 480). Revisar el alt con la imagen delante."
"/images/brototermic-aerotermormo.jpg","resistencias-calefaccion-industrial.html","AMPLIAR_X2","media","","Aerotermo eléctrico RMO","260x168: ampliación automática ×2 en lote; se sirve a 480 px (JPG + WebP 480). Revisar el alt con la imagen delante."
"/images/brototermic-aireacondicionado.jpg","resistencias-calentamientoaire.html","AMPLIAR_X2","alta","fase 2","Baterías eléctricas","260x168: ampliación automática ×2 en lote; se sirve a 480 px (JPG + WebP 480). Revisar el alt con la imagen delante. Retoque manual con IA en fase 2 (después de publicar)."
"/images/brototermic-aireforzado.jpg","resistencias-calentamientoaire.html","AMPLIAR_X2","alta","fase 2","Resistencias con racores aire reforzado","260x168: ampliación automática ×2 en lote; se sirve a 480 px (JPG + WebP 480). Revisar el alt con la imagen delante. Retoque manual con IA en fase 2 (después de publicar)."
"/images/brototermic-aletahelicoidal.jpg","resistencias-calentamientoaire.html","AMPLIAR_X2","alta","fase 2","Baterías eléctricas","260x168: ampliación automática ×2 en lote; se sirve a 480 px (JPG + WebP 480). Revisar el alt con la imagen delante. Retoque manual con IA en fase 2 (después de publicar)."
"/images/brototermic-alimentadores.jpg","equipos-perifericos.html","AMPLIAR_X2","media","fase 1","Alimentadores","260x168: ampliación automática ×2 en lote; se sirve a 480 px (JPG + WebP 480). Revisar el alt con la imagen delante. Retoque manual con IA en fase 1 (fondo neutro, nitidez), sobre la versión ampliada."
"/images/brototermic-atemporadores.jpg","equipos-perifericos.html","AMPLIAR_X2","media","","Atemperadores","260x168: ampliación automática ×2 en lote; se sirve a 480 px (JPG + WebP 480). Revisar el alt con la imagen delante."
"/images/brototermic-bandaafafs.jpg","resistencias-flexibles.html","AMPLIAR_X2","alta","fase 2","Banda calefactora, AFAFS","260x168: ampliación automática ×2 en lote; se sirve a 480 px (JPG + WebP 480). Revisar el alt con la imagen delante. Retoque manual con IA en fase 2 (después de publicar)."
"/images/brototermic-bandaafhssd.jpg","resistencias-flexibles.html","AMPLIAR_X2","alta","fase 2","Banda calefactora, AFHSSD","260x168: ampliación automática ×2 en lote; se sirve a 480 px (JPG + WebP 480). Revisar el alt con la imagen delante. Retoque manual con IA en fase 2 (después de publicar)."
"/images/brototermic-bandacalefactora.jpg","resistencias-flexibles.html","AMPLIAR_X2","alta","fase 2","Banda calefactora AFBS","260x168: ampliación automática ×2 en lote; se sirve a 480 px (JPG + WebP 480). Revisar el alt con la imagen delante. Retoque manual con IA en fase 2 (después de publicar)."
"/images/brototermic-barritasdecuarzo.jpg","resistencias-infrarrojos.html","AMPLIAR_X2","media","","Barritas de cuarzo","260x168: ampliación automática ×2 en lote; se sirve a 480 px (JPG + WebP 480). Revisar el alt con la imagen delante."
"/images/brototermic-bateria-calentamiento.jpg","fabricaciones-a-medida.html","AMPLIAR_X2","alta","fase 2","Batería calentamiento","260x168: ampliación automática ×2 en lote; se sirve a 480 px (JPG + WebP 480). Revisar el alt con la imagen delante. Retoque manual con IA en fase 2 (después de publicar)."
"/images/brototermic-bateriaalbat.jpg","resistencias-calentamientoaire.html","AMPLIAR_X2","alta","fase 2","Baterías eléctricas","260x168: ampliación automática ×2 en lote; se sirve a 480 px (JPG + WebP 480). Revisar el alt con la imagen delante. Retoque manual con IA en fase 2 (después de publicar)."
"/images/brototermic-bidonhidh.jpg","resistencias-atex.html","AMPLIAR_X2","alta","fase 2","Calentadores de bidón zonas clasificadas HIDH","260x168: ampliación automática ×2 en lote; se sirve a 480 px (JPG + WebP 480). Revisar el alt con la imagen delante. Retoque manual con IA en fase 2 (después de publicar)."
"/images/brototermic-bitubodeondamedia.jpg","resistencias-infrarrojos.html","AMPLIAR_X2","media","","Bitubo de onda media 77P","260x168: ampliación automática ×2 en lote; se sirve a 480 px (JPG + WebP 480). Revisar el alt con la imagen delante."
"/images/brototermic-bituboondacorta.jpg","resistencias-infrarrojos.html","AMPLIAR_X2","media","","Bitubo de onda corta, 81P","260x168: ampliación automática ×2 en lote; se sirve a 480 px (JPG + WebP 480). Revisar el alt con la imagen delante."
"/images/brototermic-cabezales-conexion.jpg","controltemperatura-accesorios-sondas.html","AMPLIAR_X2","baja","","Cabezales conexión","260x168: ampliación automática ×2 en lote; se sirve a 480 px (JPG + WebP 480). Revisar el alt con la imagen delante."
"/images/brototermic-cableelectrico.jpg","controltemperatura-cables-compensacion.html","AMPLIAR_X2","media","","Cable eléctrico alta temperatura","260x168: ampliación automática ×2 en lote; se sirve a 480 px (JPG + WebP 480). Revisar el alt con la imagen delante."
"/images/brototermic-cabletermopar1.jpg","controltemperatura-cables-compensacion.html","AMPLIAR_X2","media","","Cable compensación termopar","260x168: ampliación automática ×2 en lote; se sirve a 480 px (JPG + WebP 480). Revisar el alt con la imagen delante."
"/images/brototermic-cabletermoresistencia.jpg","controltemperatura-cables-compensacion.html","AMPLIAR_X2","media","","Cable termorresistencia","260x168: ampliación automática ×2 en lote; se sirve a 480 px (JPG + WebP 480). Revisar el alt con la imagen delante."
"/images/brototermic-cajaconexiones.jpg","resistencias-inmersion.html","AMPLIAR_X2","alta","fase 2","Resistencias con caja conexiones IP-44","260x168: ampliación automática ×2 en lote; se sirve a 480 px (JPG + WebP 480). Revisar el alt con la imagen delante. Retoque manual con IA en fase 2 (después de publicar)."
"/images/brototermic-calefactor-inmersion.jpg","fabricaciones-a-medida.html","AMPLIAR_X2","alta","fase 2","Calefactor de inmersión","260x168: ampliación automática ×2 en lote; se sirve a 480 px (JPG + WebP 480). Revisar el alt con la imagen delante. Retoque manual con IA en fase 2 (después de publicar)."
"/images/brototermic-calefactores-de-inmersion.jpg","nuevos-productos.html","AMPLIAR_X2","baja","","Calefactores de inmersión","260x168: ampliación automática ×2 en lote; se sirve a 480 px (JPG + WebP 480). Revisar el alt con la imagen delante."
"/images/brototermic-calefactores.jpg","resistencias-inmersion.html","AMPLIAR_X2","alta","fase 2","Grupos calefactores con bridas","260x168: ampliación automática ×2 en lote; se sirve a 480 px (JPG + WebP 480). Revisar el alt con la imagen delante. Retoque manual con IA en fase 2 (después de publicar)."
"/images/brototermic-calefactoresarmarios.jpg","resistencias-atex.html","AMPLIAR_X2","alta","fase 2","Calefactores para armarios","260x168: ampliación automática ×2 en lote; se sirve a 480 px (JPG + WebP 480). Revisar el alt con la imagen delante. Retoque manual con IA en fase 2 (después de publicar)."
"/images/brototermic-calentadores.jpg","resistencias-inmersion.html","AMPLIAR_X2","alta","fase 2","Calentadores al paso","260x168: ampliación automática ×2 en lote; se sirve a 480 px (JPG + WebP 480). Revisar el alt con la imagen delante. Retoque manual con IA en fase 2 (después de publicar)."
"/images/brototermic-calentadoresinmersion.jpg","resistencias-inmersion.html","AMPLIAR_X2","alta","fase 2","Calentadores de inmersión fijos","260x168: ampliación automática ×2 en lote; se sirve a 480 px (JPG + WebP 480). Revisar el alt con la imagen delante. Retoque manual con IA en fase 2 (después de publicar)."
"/images/brototermic-calentamientoaire.jpg","resistencias-calentamientoaire.html","AMPLIAR_X2","alta","fase 2","Baterías eléctricas","260x168: ampliación automática ×2 en lote; se sirve a 480 px (JPG + WebP 480). Revisar el alt con la imagen delante. Retoque manual con IA en fase 2 (después de publicar)."
"/images/brototermic-calibracion-portatil.jpg","controltemperatura-equipos-de-medicion.html","AMPLIAR_X2","baja","","Horno de Calibración Portátil","260x168: ampliación automática ×2 en lote; se sirve a 480 px (JPG + WebP 480). Revisar el alt con la imagen delante."
"/images/brototermic-calibradores-procesos.jpg","controltemperatura-equipos-de-medicion.html","AMPLIAR_X2","baja","","Calibradores de procesos","260x168: ampliación automática ×2 en lote; se sirve a 480 px (JPG + WebP 480). Revisar el alt con la imagen delante."
"/images/brototermic-camara-protectora.jpg","resistencias-tipo-abrazadera.html","AMPLIAR_X2","alta","fase 2","Cámara protectora de calor","260x168: ampliación automática ×2 en lote; se sirve a 480 px (JPG + WebP 480). Revisar el alt con la imagen delante. Retoque manual con IA en fase 2 (después de publicar)."
"/images/brototermic-camara-termografica-exx.jpg","controltemperatura-sensores-infrarrojos.html","AMPLIAR_X2","media","","Cámara termográfica Serie EXX","260x168: ampliación automática ×2 en lote; se sirve a 480 px (JPG + WebP 480). Revisar el alt con la imagen delante."
"/images/brototermic-camara-termografica.jpg","controltemperatura-sensores-infrarrojos.html","AMPLIAR_X2","media","","Cámara termográfica fija Serie PI","260x168: ampliación automática ×2 en lote; se sirve a 480 px (JPG + WebP 480). Revisar el alt con la imagen delante."
"/images/brototermic-camisa-aislante-aluminio.jpg","resistencias-mantas-calefactoras.html","AMPLIAR_X2","alta","fase 2","Camisa aislante aluminio IBC","260x168: ampliación automática ×2 en lote; se sirve a 480 px (JPG + WebP 480). Revisar el alt con la imagen delante. Retoque manual con IA en fase 2 (después de publicar)."
"/images/brototermic-candelas.jpg","resistencias-inmersion.html","AMPLIAR_X2","alta","fase 2","Candelas termo con refractario","260x168: ampliación automática ×2 en lote; se sirve a 480 px (JPG + WebP 480). Revisar el alt con la imagen delante. Retoque manual con IA en fase 2 (después de publicar)."
"/images/brototermic-carrildin.jpg","controltemperatura-convertidores.html","AMPLIAR_X2","media","","Convertidor Señal carril DIN CV/1","260x168: ampliación automática ×2 en lote; se sirve a 480 px (JPG + WebP 480). Revisar el alt con la imagen delante."
"/images/brototermic-carrildinslim.jpg","controltemperatura-convertidores.html","AMPLIAR_X2","media","","Convertidor señal carril Din Slim","260x168: ampliación automática ×2 en lote; se sirve a 480 px (JPG + WebP 480). Revisar el alt con la imagen delante."
"/images/brototermic-cartuchosaltacarga.jpg","resistencias-tipo-cartucho.html","AMPLIAR_X2","alta","fase 1","Cartuchos de alta carga","260x168: ampliación automática ×2 en lote; se sirve a 480 px (JPG + WebP 480). Revisar el alt con la imagen delante. Retoque manual con IA en fase 1 (fondo neutro, nitidez), sobre la versión ampliada."
"/images/brototermic-cartuchosbajacarga.jpg","resistencias-tipo-cartucho.html","AMPLIAR_X2","alta","fase 2","Cartuchos de baja carga","260x168: ampliación automática ×2 en lote; se sirve a 480 px (JPG + WebP 480). Revisar el alt con la imagen delante. Retoque manual con IA en fase 2 (después de publicar)."
"/images/brototermic-cartuchosexpan.jpg","resistencias-tipo-cartucho.html","AMPLIAR_X2","alta","fase 2","Cartuchos con expan","260x168: ampliación automática ×2 en lote; se sirve a 480 px (JPG + WebP 480). Revisar el alt con la imagen delante. Retoque manual con IA en fase 2 (después de publicar)."
"/images/brototermic-cartuchosmicrowatt.jpg","resistencias-tipo-cartucho.html","AMPLIAR_X2","alta","fase 2","Microwatt","260x168: ampliación automática ×2 en lote; se sirve a 480 px (JPG + WebP 480). Revisar el alt con la imagen delante. Retoque manual con IA en fase 2 (después de publicar)."
"/images/brototermic-caudalimetros.jpg","equipos-perifericos.html","AMPLIAR_X2","media","","Caudalímetros","260x168: ampliación automática ×2 en lote; se sirve a 480 px (JPG + WebP 480). Revisar el alt con la imagen delante."
"/images/brototermic-cobertura-impermeable-deposito-ibc.jpg","resistencias-mantas-calefactoras.html","AMPLIAR_X2","alta","fase 2","Cobertura impermeable depósito IBC","260x168: ampliación automática ×2 en lote; se sirve a 480 px (JPG + WebP 480). Revisar el alt con la imagen delante. Retoque manual con IA en fase 2 (después de publicar)."
"/images/brototermic-conductocilindrico.jpg","resistencias-calentamientoaire.html","AMPLIAR_X2","alta","fase 2","Conducto cilíndrico","260x168: ampliación automática ×2 en lote; se sirve a 480 px (JPG + WebP 480). Revisar el alt con la imagen delante. Retoque manual con IA en fase 2 (después de publicar)."
"/images/brototermic-conectores-ceramicos.jpg","controltemperatura-accesorios-sondas.html","AMPLIAR_X2","baja","","Conectores compensados cerámicos","260x168: ampliación automática ×2 en lote; se sirve a 480 px (JPG + WebP 480). Revisar el alt con la imagen delante."
"/images/brototermic-conectores-estandar.jpg","controltemperatura-accesorios-sondas.html","AMPLIAR_X2","baja","","Conectores compensados estándar","260x168: ampliación automática ×2 en lote; se sirve a 480 px (JPG + WebP 480). Revisar el alt con la imagen delante."
"/images/brototermic-conectores-mini.jpg","controltemperatura-accesorios-sondas.html","AMPLIAR_X2","baja","","Conectores compensados mini","260x168: ampliación automática ×2 en lote; se sirve a 480 px (JPG + WebP 480). Revisar el alt con la imagen delante."
"/images/brototermic-conectores-rtd.jpg","controltemperatura-accesorios-sondas.html","AMPLIAR_X2","baja","","Conectores RTD","260x168: ampliación automática ×2 en lote; se sirve a 480 px (JPG + WebP 480). Revisar el alt con la imagen delante."
"/images/brototermic-control-telefonico-enchufable.jpg","controltemperatura-termostatos.html","AMPLIAR_X2","media","","Control telefónico GSM enchufable","260x168: ampliación automática ×2 en lote; se sirve a 480 px (JPG + WebP 480). Revisar el alt con la imagen delante."
"/images/brototermic-CONTROL-TELEFONICO-GSM.jpg","controltemperatura-termostatos.html","AMPLIAR_X2","media","","Control telefónico GSM/línea fija","260x168: ampliación automática ×2 en lote; se sirve a 480 px (JPG + WebP 480). Revisar el alt con la imagen delante."
"/images/brototermic-controlador915.jpg","controltemperatura-indicadores-de-procesos.html","AMPLIAR_X2","media","","Controlador IC PLUS 915","260x168: ampliación automática ×2 en lote; se sirve a 480 px (JPG + WebP 480). Revisar el alt con la imagen delante."
"/images/brototermic-controladorcmc99.jpg","controltemperatura-indicadores-de-procesos.html","AMPLIAR_X2","media","","Controlador multilazo CMC-99","260x168: ampliación automática ×2 en lote; se sirve a 480 px (JPG + WebP 480). Revisar el alt con la imagen delante."
"/images/brototermic-controladordr4020.jpg","controltemperatura-indicadores-de-procesos.html","AMPLIAR_X2","media","","Controlador carril DIN DR4020-4022","260x168: ampliación automática ×2 en lote; se sirve a 480 px (JPG + WebP 480). Revisar el alt con la imagen delante."
"/images/brototermic-controladorew72.jpg","controltemperatura-indicadores-de-procesos.html","AMPLIAR_X2","media","","Controlador EW72","260x168: ampliación automática ×2 en lote; se sirve a 480 px (JPG + WebP 480). Revisar el alt con la imagen delante."
"/images/brototermic-controladormpr48.jpg","controltemperatura-indicadores-de-procesos.html","AMPLIAR_X2","media","","Controlador WAYTEK MPR48","260x168: ampliación automática ×2 en lote; se sirve a 480 px (JPG + WebP 480). Revisar el alt con la imagen delante."
"/images/brototermic-controladort100.jpg","controltemperatura-indicadores-de-procesos.html","AMPLIAR_X2","media","","Controlador a microprocesador  T-100","260x168: ampliación automática ×2 en lote; se sirve a 480 px (JPG + WebP 480). Revisar el alt con la imagen delante."
"/images/brototermic-controladort400.jpg","controltemperatura-indicadores-de-procesos.html","AMPLIAR_X2","media","","Controlador a microprocesador  T-400","260x168: ampliación automática ×2 en lote; se sirve a 480 px (JPG + WebP 480). Revisar el alt con la imagen delante."
"/images/brototermic-controladort900.jpg","controltemperatura-indicadores-de-procesos.html","AMPLIAR_X2","media","","Controlador a microprocesador  T-900","260x168: ampliación automática ×2 en lote; se sirve a 480 px (JPG + WebP 480). Revisar el alt con la imagen delante."
"/images/brototermic-controladort902.jpg","controltemperatura-indicadores-de-procesos.html","AMPLIAR_X2","media","","Controlador IC PLUS 902","260x168: ampliación automática ×2 en lote; se sirve a 480 px (JPG + WebP 480). Revisar el alt con la imagen delante."
"/images/brototermic-convectorescie.jpg","resistencias-calefaccion-industrial.html","AMPLIAR_X2","media","","Convectores monofásicos CIE","260x168: ampliación automática ×2 en lote; se sirve a 480 px (JPG + WebP 480). Revisar el alt con la imagen delante."
"/images/brototermic-convectoresfaw.jpg","resistencias-atex.html","AMPLIAR_X2","alta","fase 2","Convectores FAW","260x168: ampliación automática ×2 en lote; se sirve a 480 px (JPG + WebP 480). Revisar el alt con la imagen delante. Retoque manual con IA en fase 2 (después de publicar)."
"/images/brototermic-convertidor-señal.jpg","controltemperatura-convertidores.html","AMPLIAR_X2","media","","Convertidor señal cabezal","260x168: ampliación automática ×2 en lote; se sirve a 480 px (JPG + WebP 480). Revisar el alt con la imagen delante. Nombre con ñ: se mantiene y se enlaza codificado (%C3%B1)."
"/images/brototermic-convertidor-termo-isoflex.jpg","controltemperatura-convertidores.html","AMPLIAR_X2","media","","Convertidor señal carril Termo Iso-Flex","260x168: ampliación automática ×2 en lote; se sirve a 480 px (JPG + WebP 480). Revisar el alt con la imagen delante."
"/images/brototermic-convertidor-txrail.jpg","controltemperatura-convertidores.html","AMPLIAR_X2","media","","Convertidor señal Carril Din TXrail","260x168: ampliación automática ×2 en lote; se sirve a 480 px (JPG + WebP 480). Revisar el alt con la imagen delante."
"/images/brototermic-copasumergible.jpg","resistencias-inmersion.html","AMPLIAR_X2","alta","fase 2","Resistencia de inmersión tipo copa sumergible para fondo de tanque","260x168: ampliación automática ×2 en lote; se sirve a 480 px (JPG + WebP 480). En /legacy tenía alt vacío; el alt sale del texto del producto «Copa sumergible». Retoque manual con IA en fase 2 (después de publicar)."
"/images/brototermic-cortinasairecor.jpg","resistencias-calefaccion-industrial.html","AMPLIAR_X2","media","","Cortinas de aire caliente COR","260x168: ampliación automática ×2 en lote; se sirve a 480 px (JPG + WebP 480). Revisar el alt con la imagen delante."
"/images/brototermic-Cronotermostato-semanal-radiofrecuencia.jpg","controltemperatura-termostatos.html","AMPLIAR_X2","media","","Cronotermostato semanal radiofrecuencia","260x168: ampliación automática ×2 en lote; se sirve a 480 px (JPG + WebP 480). Revisar el alt con la imagen delante."
"/images/brototermic-cronotermostato-semanal.jpg","controltemperatura-termostatos.html","AMPLIAR_X2","media","","Cronotermostato semanal","260x168: ampliación automática ×2 en lote; se sirve a 480 px (JPG + WebP 480). Revisar el alt con la imagen delante."
"/images/brototermic-datacare.jpg","controltemperatura-panelespc-software.html","AMPLIAR_X2","baja","","Software adquisición datos Datacare","260x168: ampliación automática ×2 en lote; se sirve a 480 px (JPG + WebP 480). Revisar el alt con la imagen delante."
"/images/brototermic-datalogger-usb.jpg","controltemperatura-dataloggers.html","AMPLIAR_X2","baja","","Datalogger USB OM-EL","260x168: ampliación automática ×2 en lote; se sirve a 480 px (JPG + WebP 480). Revisar el alt con la imagen delante."
"/images/brototermic-deshumidificadores.jpg","equipos-perifericos.html","AMPLIAR_X2","media","","Deshumidificadores. BROTETERMIC, S.L","260x168: ampliación automática ×2 en lote; se sirve a 480 px (JPG + WebP 480). Revisar el alt con la imagen delante."
"/images/brototermic-desincrustadores.jpg","equipos-perifericos.html","AMPLIAR_X2","media","","Desincrustadores","260x168: ampliación automática ×2 en lote; se sirve a 480 px (JPG + WebP 480). Revisar el alt con la imagen delante."
"/images/brototermic-detectores- nivel.jpg","fabricaciones-a-medida.html","AMPLIAR_X2","alta","fase 2","Detectores de nivel","260x168: ampliación automática ×2 en lote; se sirve a 480 px (JPG + WebP 480). Revisar el alt con la imagen delante. Retoque manual con IA en fase 2 (después de publicar)."
"/images/brototermic-detectorpresion-pn7160.jpg","presionhumedad-sensores-de-presion.html","AMPLIAR_X2","media","","Detector presión PN7160","260x168: ampliación automática ×2 en lote; se sirve a 480 px (JPG + WebP 480). Revisar el alt con la imagen delante."
"/images/brototermic-detectorpresion-tpsm40.jpg","presionhumedad-sensores-de-presion.html","AMPLIAR_X2","media","","Transmisor TPSM40","260x168: ampliación automática ×2 en lote; se sirve a 480 px (JPG + WebP 480). Revisar el alt con la imagen delante."
"/images/brototermic-detectorpresion.jpg","presionhumedad-sensores-de-presion.html","AMPLIAR_X2","media","","Detector presión PA3060","260x168: ampliación automática ×2 en lote; se sirve a 480 px (JPG + WebP 480). Revisar el alt con la imagen delante."
"/images/brototermic-disibeint.jpg","nuevos-productos.html","AMPLIAR_X2","baja","","Sensores de nivel. IOT INDUSTRIAL","260x168: ampliación automática ×2 en lote; se sirve a 480 px (JPG + WebP 480). Revisar el alt con la imagen delante."
"/images/brototermic-dosificadores.jpg","equipos-perifericos.html","AMPLIAR_X2","media","","DOSIFICADORES","260x168: ampliación automática ×2 en lote; se sirve a 480 px (JPG + WebP 480). Revisar el alt con la imagen delante."
"/images/brototermic-electricfor.png","index.html","ELIMINAR","baja","","","Solo aparece en un comentario HTML del inicio y no existe en el servidor."
"/images/brototermic-electrodos-ncps-db.jpg","controldenivel-sensores-conductivos.html","AMPLIAR_X2","media","","Electrodo NCPS DB INOX","260x168: ampliación automática ×2 en lote; se sirve a 480 px (JPG + WebP 480). Revisar el alt con la imagen delante."
"/images/brototermic-electrodos-np.jpg","controldenivel-sensores-conductivos.html","AMPLIAR_X2","media","","Electrodo NP","260x168: ampliación automática ×2 en lote; se sirve a 480 px (JPG + WebP 480). Revisar el alt con la imagen delante."
"/images/brototermic-electrodos-nr1.jpg","controldenivel-sensores-conductivos.html","AMPLIAR_X2","media","","Electrodos NR 1 ½","260x168: ampliación automática ×2 en lote; se sirve a 480 px (JPG + WebP 480). Revisar el alt con la imagen delante."
"/images/brototermic-electrodos-nra.jpg","controldenivel-sensores-conductivos.html","AMPLIAR_X2","media","","Electrodos NRA 1 1/2","260x168: ampliación automática ×2 en lote; se sirve a 480 px (JPG + WebP 480). Revisar el alt con la imagen delante."
"/images/brototermic-electrodos-ns.jpg","controldenivel-sensores-conductivos.html","AMPLIAR_X2","media","","Electrodo NS","260x168: ampliación automática ×2 en lote; se sirve a 480 px (JPG + WebP 480). Revisar el alt con la imagen delante."
"/images/brototermic-electrodos-nt.jpg","controldenivel-sensores-conductivos.html","AMPLIAR_X2","media","","Electrodo NT","260x168: ampliación automática ×2 en lote; se sirve a 480 px (JPG + WebP 480). Revisar el alt con la imagen delante."
"/images/brototermic-electrodos-ntbi.jpg","controldenivel-sensores-conductivos.html","AMPLIAR_X2","media","","Electrodo NTBI","260x168: ampliación automática ×2 en lote; se sirve a 480 px (JPG + WebP 480). Revisar el alt con la imagen delante."
"/images/brototermic-emisoresceramicos.jpg","resistencias-infrarrojos.html","AMPLIAR_X2","media","","Emisores cerámicos OSC","260x168: ampliación automática ×2 en lote; se sirve a 480 px (JPG + WebP 480). Revisar el alt con la imagen delante."
"/images/brototermic-emisoresceramicosbos.jpg","resistencias-infrarrojos.html","AMPLIAR_X2","media","","Emisores cerámicos BOS","260x168: ampliación automática ×2 en lote; se sirve a 480 px (JPG + WebP 480). Revisar el alt con la imagen delante."
"/images/brototermic-emisoresceramicososh.jpg","resistencias-infrarrojos.html","AMPLIAR_X2","media","","Emisores cerámicos OSH","260x168: ampliación automática ×2 en lote; se sirve a 480 px (JPG + WebP 480). Revisar el alt con la imagen delante."
"/images/brototermic-emisoresceramicososp.jpg","resistencias-infrarrojos.html","AMPLIAR_X2","media","","Emisores cerámicos OSP","260x168: ampliación automática ×2 en lote; se sirve a 480 px (JPG + WebP 480). Revisar el alt con la imagen delante."
"/images/brototermic-emisoresondacorta.jpg","resistencias-infrarrojos.html","AMPLIAR_X2","media","","Emisores de onda corta IRCC","260x168: ampliación automática ×2 en lote; se sirve a 480 px (JPG + WebP 480). Revisar el alt con la imagen delante."
"/images/brototermic-equiposcalentamiento.jpg","resistencias-infrarrojos.html","AMPLIAR_X2","media","","Equipos de calentamiento","260x168: ampliación automática ×2 en lote; se sirve a 480 px (JPG + WebP 480). Revisar el alt con la imagen delante."
"/images/brototermic-filtros-magneticos.jpg","equipos-perifericos.html","AMPLIAR_X2","media","","Filtros magnéticos","260x168: ampliación automática ×2 en lote; se sirve a 480 px (JPG + WebP 480). Revisar el alt con la imagen delante."
"/images/brototermic-gama-celpac.jpg","controltemperatura-reles-estado-solido.html","AMPLIAR_X2","baja","","Gama Celpac","260x168: ampliación automática ×2 en lote; se sirve a 480 px (JPG + WebP 480). Revisar el alt con la imagen delante."
"/images/brototermic-gama-celpac2g.jpg","controltemperatura-reles-estado-solido.html","AMPLIAR_X2","baja","","Gama Celpac2G","260x168: ampliación automática ×2 en lote; se sirve a 480 px (JPG + WebP 480). Revisar el alt con la imagen delante."
"/images/brototermic-gama-okpac.jpg","controltemperatura-reles-estado-solido.html","AMPLIAR_X2","baja","","Gama Okpac","260x168: ampliación automática ×2 en lote; se sirve a 480 px (JPG + WebP 480). Revisar el alt con la imagen delante."
"/images/brototermic-gamaeuropa.jpg","resistencias-inmersion.html","AMPLIAR_X2","alta","fase 2","Modelos Gama Europa","260x168: ampliación automática ×2 en lote; se sirve a 480 px (JPG + WebP 480). Revisar el alt con la imagen delante. Retoque manual con IA en fase 2 (después de publicar)."
"/images/brototermic-hermetico-altacarga.jpg","resistencias-tipo-abrazadera.html","AMPLIAR_X2","alta","fase 2","Sistema hermético","260x168: ampliación automática ×2 en lote; se sirve a 480 px (JPG + WebP 480). Revisar el alt con la imagen delante. Retoque manual con IA en fase 2 (después de publicar)."
"/images/brototermic-hermetico-inoxidable.jpg","resistencias-tipo-abrazadera.html","AMPLIAR_X2","alta","fase 2","Sistema hermético inoxidable","260x168: ampliación automática ×2 en lote; se sirve a 480 px (JPG + WebP 480). Revisar el alt con la imagen delante. Retoque manual con IA en fase 2 (después de publicar)."
"/images/brototermic-historia.jpg","empresa.html","AMPLIAR_X2","media","","Nuestra historia","260x178: ampliación automática ×2 en lote; se sirve a 480 px (JPG + WebP 480). Revisar el alt con la imagen delante."
"/images/brototermic-horno-metalar.jpg","hornos-industriales.html","AMPLIAR_X2","media","","Horno Metalar","260x168: ampliación automática ×2 en lote; se sirve a 480 px (JPG + WebP 480). Revisar el alt con la imagen delante."
"/images/brototermic-horno-mic.jpg","hornos-industriales.html","AMPLIAR_X2","media","fase 1","Horno Mic","260x168: ampliación automática ×2 en lote; se sirve a 480 px (JPG + WebP 480). Revisar el alt con la imagen delante. Retoque manual con IA en fase 1 (fondo neutro, nitidez), sobre la versión ampliada."
"/images/brototermic-horno-sm.jpg","hornos-industriales.html","AMPLIAR_X2","media","","Horno SM","260x168: ampliación automática ×2 en lote; se sirve a 480 px (JPG + WebP 480). Revisar el alt con la imagen delante."
"/images/brototermic-humedad-ambiente.jpg","presionhumedad-sondas-de-humedad.html","AMPLIAR_X2","media","","Sonda Humedad ambiente","260x168: ampliación automática ×2 en lote; se sirve a 480 px (JPG + WebP 480). Revisar el alt con la imagen delante."
"/images/brototermic-idplus971.jpg","controltemperatura-indicadores-de-procesos.html","AMPLIAR_X2","media","","ID PLUS 971","260x168: ampliación automática ×2 en lote; se sirve a 480 px (JPG + WebP 480). Revisar el alt con la imagen delante."
"/images/brototermic-idw961.jpg","controltemperatura-indicadores-de-procesos.html","AMPLIAR_X2","media","","Controlador unidades refrigerantes IDW961","260x168: ampliación automática ×2 en lote; se sirve a 480 px (JPG + WebP 480). Revisar el alt con la imagen delante."
"/images/brototermic-imn-40-inox.jpg","controldenivel-interruptores-magneticos.html","AMPLIAR_X2","media","","IMN 40 INOX","260x168: ampliación automática ×2 en lote; se sirve a 480 px (JPG + WebP 480). Revisar el alt con la imagen delante."
"/images/brototermic-imn-50-inox-h.jpg","controldenivel-interruptores-magneticos.html","AMPLIAR_X2","media","","IMN 50 INOX H","260x168: ampliación automática ×2 en lote; se sirve a 480 px (JPG + WebP 480). Revisar el alt con la imagen delante."
"/images/brototermic-imn-50-nyv.jpg","controldenivel-interruptores-magneticos.html","AMPLIAR_X2","media","","IMN 50 NY V","260x168: ampliación automática ×2 en lote; se sirve a 480 px (JPG + WebP 480). Revisar el alt con la imagen delante."
"/images/brototermic-imn-70-inox.jpg","controldenivel-interruptores-magneticos.html","AMPLIAR_X2","media","","IMN 70 INOX","260x168: ampliación automática ×2 en lote; se sirve a 480 px (JPG + WebP 480). Revisar el alt con la imagen delante."
"/images/brototermic-imn-bb-pvc.jpg","controldenivel-interruptores-magneticos.html","AMPLIAR_X2","media","","IMN BB PVC","260x168: ampliación automática ×2 en lote; se sirve a 480 px (JPG + WebP 480). Revisar el alt con la imagen delante."
"/images/brototermic-imn-bc-inox.jpg","controldenivel-interruptores-magneticos.html","AMPLIAR_X2","media","","IMN BC INOX","260x168: ampliación automática ×2 en lote; se sirve a 480 px (JPG + WebP 480). Revisar el alt con la imagen delante."
"/images/brototermic-imn-dp-inox.jpg","controldenivel-interruptores-magneticos.html","AMPLIAR_X2","media","","IMN DP INOX","260x168: ampliación automática ×2 en lote; se sirve a 480 px (JPG + WebP 480). Revisar el alt con la imagen delante."
"/images/brototermic-imn-mps.jpg","controldenivel-interruptores-magneticos.html","AMPLIAR_X2","media","","IMN MPS","260x168: ampliación automática ×2 en lote; se sirve a 480 px (JPG + WebP 480). Revisar el alt con la imagen delante."
"/images/brototermic-imn-rp-inox.jpg","controldenivel-interruptores-magneticos.html","AMPLIAR_X2","media","","IMN RP INOX","260x168: ampliación automática ×2 en lote; se sirve a 480 px (JPG + WebP 480). Revisar el alt con la imagen delante."
"/images/brototermic-imn-tb-pvc.jpg","controldenivel-interruptores-magneticos.html","AMPLIAR_X2","media","","IMN TB PVC","260x168: ampliación automática ×2 en lote; se sirve a 480 px (JPG + WebP 480). Revisar el alt con la imagen delante."
"/images/brototermic-imn-tbex-inox.jpg","controldenivel-interruptores-magneticos.html","AMPLIAR_X2","media","","IMN TBEX INOX","260x168: ampliación automática ×2 en lote; se sirve a 480 px (JPG + WebP 480). Revisar el alt con la imagen delante."
"/images/brototermic-imn-tc-inox.jpg","controldenivel-interruptores-magneticos.html","AMPLIAR_X2","media","","IMN TC INOX","260x168: ampliación automática ×2 en lote; se sirve a 480 px (JPG + WebP 480). Revisar el alt con la imagen delante."
"/images/brototermic-imn-tp-inox.jpg","controldenivel-interruptores-magneticos.html","AMPLIAR_X2","media","","IMN TP INOX","260x168: ampliación automática ×2 en lote; se sirve a 480 px (JPG + WebP 480). Revisar el alt con la imagen delante."
"/images/brototermic-indicadordg01.jpg","controltemperatura-indicadores-de-procesos.html","AMPLIAR_X2","media","","Indicador Gran formato DG-01","260x168: ampliación automática ×2 en lote; se sirve a 480 px (JPG + WebP 480). Revisar el alt con la imagen delante."
"/images/brototermic-industriaalimentaria.jpg","resistencias-inmersion.html","AMPLIAR_X2","alta","fase 2","Resistencias inmersión industria","260x168: ampliación automática ×2 en lote; se sirve a 480 px (JPG + WebP 480). Revisar el alt con la imagen delante. Retoque manual con IA en fase 2 (después de publicar)."
"/images/brototermic-infrarrojocompacto.jpg","resistencias-infrarrojos.html","AMPLIAR_X2","media","","Infrarrojo compacto IC1003","260x168: ampliación automática ×2 en lote; se sirve a 480 px (JPG + WebP 480). Revisar el alt con la imagen delante."
"/images/brototermic-infrarrojocompacto1007.jpg","resistencias-infrarrojos.html","AMPLIAR_X2","media","","Infrarrojo compacto IC1007","260x168: ampliación automática ×2 en lote; se sirve a 480 px (JPG + WebP 480). Revisar el alt con la imagen delante."
"/images/brototermic-infrarrojocompacto1008.jpg","resistencias-infrarrojos.html","AMPLIAR_X2","media","","Infrarrojo compacto IC1008","260x168: ampliación automática ×2 en lote; se sirve a 480 px (JPG + WebP 480). Revisar el alt con la imagen delante."
"/images/brototermic-infrarrojocompacto1013.jpg","resistencias-infrarrojos.html","AMPLIAR_X2","media","","Infrarrojo compacto IC1013NG","260x168: ampliación automática ×2 en lote; se sirve a 480 px (JPG + WebP 480). Revisar el alt con la imagen delante."
"/images/brototermic-infrarrojocompacto1014.jpg","resistencias-infrarrojos.html","AMPLIAR_X2","media","","Infrarrojo compacto IC1014FM","260x168: ampliación automática ×2 en lote; se sirve a 480 px (JPG + WebP 480). Revisar el alt con la imagen delante."
"/images/brototermic-infrarrojosim.jpg","resistencias-calefaccion-industrial.html","AMPLIAR_X2","media","","Pantallas infrarrojos IM","260x168: ampliación automática ×2 en lote; se sirve a 480 px (JPG + WebP 480). Revisar el alt con la imagen delante."
"/images/brototermic-interface-logtag.jpg","controltemperatura-dataloggers.html","AMPLIAR_X2","baja","","Interface LTI para Log-Tag","260x168: ampliación automática ×2 en lote; se sirve a 480 px (JPG + WebP 480). Revisar el alt con la imagen delante."
"/images/brototermic-liquidos-noagresivos.jpg","resistencias-inmersion.html","AMPLIAR_X2","alta","fase 2","Calentadores para líquidos","260x168: ampliación automática ×2 en lote; se sirve a 480 px (JPG + WebP 480). Revisar el alt con la imagen delante. Retoque manual con IA en fase 2 (después de publicar)."
"/images/brototermic-liquidosagresivos.jpg","resistencias-inmersion.html","AMPLIAR_X2","alta","fase 2","Calentadores para líquidos agresivos","260x168: ampliación automática ×2 en lote; se sirve a 480 px (JPG + WebP 480). Revisar el alt con la imagen delante. Retoque manual con IA en fase 2 (después de publicar)."
"/images/brototermic-logtag-haxo8.jpg","controltemperatura-dataloggers.html","AMPLIAR_X2","baja","","Log-Tag HAXO-8","260x168: ampliación automática ×2 en lote; se sirve a 480 px (JPG + WebP 480). Revisar el alt con la imagen delante."
"/images/brototermic-logtag-trex8.jpg","controltemperatura-dataloggers.html","AMPLIAR_X2","baja","","Log-Tag TREX-8","260x168: ampliación automática ×2 en lote; se sirve a 480 px (JPG + WebP 480). Revisar el alt con la imagen delante."
"/images/brototermic-logtag-trix8.jpg","controltemperatura-dataloggers.html","AMPLIAR_X2","baja","","Log-Tag TRIX-8","260x168: ampliación automática ×2 en lote; se sirve a 480 px (JPG + WebP 480). Revisar el alt con la imagen delante."
"/images/brototermic-manta-aislante-deposito2.jpg","resistencias-mantas-calefactoras.html","AMPLIAR_X2","alta","fase 2","Manta aislante depósito IBC","260x168: ampliación automática ×2 en lote; se sirve a 480 px (JPG + WebP 480). Revisar el alt con la imagen delante. Retoque manual con IA en fase 2 (después de publicar)."
"/images/brototermic-mantas-calefactoras-atex-depositos-ibc.jpg","resistencias-mantas-calefactoras.html","AMPLIAR_X2","alta","fase 2","Mantas calefactoras ATEX depósitos IBC","260x168: ampliación automática ×2 en lote; se sirve a 480 px (JPG + WebP 480). Revisar el alt con la imagen delante. Retoque manual con IA en fase 2 (después de publicar)."
"/images/brototermic-mantas-calefactoras-atex.jpg","resistencias-mantas-calefactoras.html","AMPLIAR_X2","alta","fase 2","Mantas calefactoras bidón certificadas ATEX","260x168: ampliación automática ×2 en lote; se sirve a 480 px (JPG + WebP 480). Revisar el alt con la imagen delante. Retoque manual con IA en fase 2 (después de publicar)."
"/images/brototermic-mantas-calefactoras-bidon-brototermic.png","resistencias-mantas-calefactoras.html","AMPLIAR_X2","alta","fase 2","Mantas calefactoras bidón","260x168: ampliación automática ×2 en lote; se sirve a 480 px (JPG + WebP 480). Revisar el alt con la imagen delante. Retoque manual con IA en fase 2 (después de publicar)."
"/images/brototermic-mantas-calefactoras-depositos-ibc.jpg","resistencias-mantas-calefactoras.html","AMPLIAR_X2","alta","fase 1","Mantas calefactoras depósitos IBC","260x168: ampliación automática ×2 en lote; se sirve a 480 px (JPG + WebP 480). Revisar el alt con la imagen delante. Retoque manual con IA en fase 1 (fondo neutro, nitidez), sobre la versión ampliada."
"/images/brototermic-marcas-representadas.jpg","index.html","SUSTITUIR","alta","","(se sustituye por logos individuales con alt = nombre de la marca)","Imagen compuesta de logos de marcas (990x80). Pedir SVG oficiales a cada marca; mientras tanto, se usa como respaldo."
"/images/brototermic-mezcladores.jpg","equipos-perifericos.html","AMPLIAR_X2","media","","Mezcladores","260x168: ampliación automática ×2 en lote; se sirve a 480 px (JPG + WebP 480). Revisar el alt con la imagen delante."
"/images/brototermic-microwatt.jpg","resistencias-tipo-cartucho.html","AMPLIAR_X2","alta","fase 2","Cartuchos con termopar","260x168: ampliación automática ×2 en lote; se sirve a 480 px (JPG + WebP 480). Revisar el alt con la imagen delante. Retoque manual con IA en fase 2 (después de publicar)."
"/images/brototermic-monotubulares.jpg","resistencias-infrarrojos.html","AMPLIAR_X2","media","","Monotubulares onda larga 77F","260x168: ampliación automática ×2 en lote; se sirve a 480 px (JPG + WebP 480). Revisar el alt con la imagen delante."
"/images/brototermic-monotubularesondamedia.jpg","resistencias-infrarrojos.html","AMPLIAR_X2","media","","Monotubulares de onda media IRCM","260x168: ampliación automática ×2 en lote; se sirve a 480 px (JPG + WebP 480). Revisar el alt con la imagen delante."
"/images/brototermic-mux.jpg","controltemperatura-convertidores.html nuevos-productos.html","AMPLIAR_X2","media","","Multiplexores MUX","260x168: ampliación automática ×2 en lote; se sirve a 480 px (JPG + WebP 480). Revisar el alt con la imagen delante."
"/images/brototermic-panel-pc.jpg","controltemperatura-panelespc-software.html","AMPLIAR_X2","baja","","Panel PC","260x168: ampliación automática ×2 en lote; se sirve a 480 px (JPG + WebP 480). Revisar el alt con la imagen delante."
"/images/brototermic-paneles-conectores.jpg","controltemperatura-accesorios-sondas.html","AMPLIAR_X2","baja","","Paneles para conectores","260x168: ampliación automática ×2 en lote; se sirve a 480 px (JPG + WebP 480). Revisar el alt con la imagen delante."
"/images/brototermic-pantallasemisoras.jpg","resistencias-infrarrojos.html","AMPLIAR_X2","media","","Pantallas de infrarrojos PQ","260x168: ampliación automática ×2 en lote; se sirve a 480 px (JPG + WebP 480). Revisar el alt con la imagen delante."
"/images/brototermic-pantallasinfrarrojos.jpg","resistencias-calefaccion-industrial.html","AMPLIAR_X2","media","","Pantallas infrarrojos instalación fija IRC","260x168: ampliación automática ×2 en lote; se sirve a 480 px (JPG + WebP 480). Revisar el alt con la imagen delante."
"/images/brototermic-pirometro-cslaser.jpg","controltemperatura-sensores-infrarrojos.html","AMPLIAR_X2","media","","Pirómetro infrarrojos CS-Laser","260x168: ampliación automática ×2 en lote; se sirve a 480 px (JPG + WebP 480). Revisar el alt con la imagen delante."
"/images/brototermic-pirometro-csmicro.jpg","controltemperatura-sensores-infrarrojos.html","AMPLIAR_X2","media","","Pirómetro infrarrojos CS-Micro","260x168: ampliación automática ×2 en lote; se sirve a 480 px (JPG + WebP 480). Revisar el alt con la imagen delante."
"/images/brototermic-pirometro-ctlaser.jpg","controltemperatura-sensores-infrarrojos.html","AMPLIAR_X2","media","","Pirómetro infrarrojos Serie CT-Laser","260x168: ampliación automática ×2 en lote; se sirve a 480 px (JPG + WebP 480). Revisar el alt con la imagen delante."
"/images/brototermic-pirometro-infrarrojos.jpg","controltemperatura-sensores-infrarrojos.html","AMPLIAR_X2","media","","Pirómetro infrarrojos Serie CS","260x168: ampliación automática ×2 en lote; se sirve a 480 px (JPG + WebP 480). Revisar el alt con la imagen delante."
"/images/brototermic-pistola-infrarrojos.jpg","controltemperatura-sensores-infrarrojos.html","AMPLIAR_X2","media","","Pistola infrarrojos LASERSIGHT","260x168: ampliación automática ×2 en lote; se sirve a 480 px (JPG + WebP 480). Revisar el alt con la imagen delante."
"/images/brototermic-pnas.jpg","controldenivel-reles-de-nivel.html","AMPLIAR_X2","baja","","PNAS","260x168: ampliación automática ×2 en lote; se sirve a 480 px (JPG + WebP 480). Revisar el alt con la imagen delante."
"/images/brototermic-pnda-dnda.jpg","controldenivel-reles-de-nivel.html","AMPLIAR_X2","baja","","PNDA-DNDA","260x168: ampliación automática ×2 en lote; se sirve a 480 px (JPG + WebP 480). Revisar el alt con la imagen delante."
"/images/brototermic-pnea-dnea.jpg","controldenivel-reles-de-nivel.html","AMPLIAR_X2","baja","","PNEA-DNEA","260x168: ampliación automática ×2 en lote; se sirve a 480 px (JPG + WebP 480). Revisar el alt con la imagen delante."
"/images/brototermic-pnga-dnga.jpg","controldenivel-reles-de-nivel.html","AMPLIAR_X2","baja","","PNGA-DNGA","260x168: ampliación automática ×2 en lote; se sirve a 480 px (JPG + WebP 480). Revisar el alt con la imagen delante."
"/images/brototermic-pnsa-dnsa-snsa.jpg","controldenivel-reles-de-nivel.html","AMPLIAR_X2","baja","","PNSA-DNSA-SNSA","260x168: ampliación automática ×2 en lote; se sirve a 480 px (JPG + WebP 480). Revisar el alt con la imagen delante."
"/images/brototermic-pnwb.jpg","controldenivel-reles-de-nivel.html","AMPLIAR_X2","baja","","IMN TP INOX","260x168: ampliación automática ×2 en lote; se sirve a 480 px (JPG + WebP 480). Revisar el alt con la imagen delante."
"/images/brototermic-ptba.jpg","controldenivel-reles-de-nivel.html","AMPLIAR_X2","baja","","PTBA","260x168: ampliación automática ×2 en lote; se sirve a 480 px (JPG + WebP 480). Revisar el alt con la imagen delante."
"/images/brototermic-racores.jpg","controltemperatura-accesorios-sondas.html","AMPLIAR_X2","baja","","Racores deslizantes de compresión","260x168: ampliación automática ×2 en lote; se sirve a 480 px (JPG + WebP 480). Revisar el alt con la imagen delante."
"/images/brototermic-refrigeracion-enr038.jpg","equiposderefrigeracion-refrigeradores-chillers.html","AMPLIAR_X2","media","","Modelo ENR 038","260x168: ampliación automática ×2 en lote; se sirve a 480 px (JPG + WebP 480). Revisar el alt con la imagen delante."
"/images/brototermic-refrigeradores-enr-001.jpg","equiposderefrigeracion-refrigeradores-chillers.html","AMPLIAR_X2","media","","Modelo ENR 001","260x168: ampliación automática ×2 en lote; se sirve a 480 px (JPG + WebP 480). Revisar el alt con la imagen delante."
"/images/brototermic-refrigeradores-enr-003.jpg","equiposderefrigeracion-refrigeradores-chillers.html","AMPLIAR_X2","media","fase 1","Modelo ENR 003","260x168: ampliación automática ×2 en lote; se sirve a 480 px (JPG + WebP 480). Revisar el alt con la imagen delante. Retoque manual con IA en fase 1 (fondo neutro, nitidez), sobre la versión ampliada."
"/images/brototermic-reguladordigital.jpg","controltemperatura-indicadores-de-procesos.html","AMPLIAR_X2","media","","Regulador digital RGL","260x168: ampliación automática ×2 en lote; se sirve a 480 px (JPG + WebP 480). Revisar el alt con la imagen delante."
"/images/brototermic-reguladordis401.jpg","controltemperatura-indicadores-de-procesos.html","AMPLIAR_X2","media","","Regulador DIS401","260x168: ampliación automática ×2 en lote; se sirve a 480 px (JPG + WebP 480). Revisar el alt con la imagen delante."
"/images/brototermic-reles-estaticos.jpg","controltemperatura-reles-estado-solido.html","AMPLIAR_X2","baja","","Relés estáticos corriente continua","260x168: ampliación automática ×2 en lote; se sirve a 480 px (JPG + WebP 480). Revisar el alt con la imagen delante."
"/images/brototermic-resistencia-flexible1.jpg","resistencias-flexibles.html","AMPLIAR_X2","alta","fase 1","Resistencias ALTO RENDIMINETO","260x168: ampliación automática ×2 en lote; se sirve a 480 px (JPG + WebP 480). Revisar el alt con la imagen delante. Retoque manual con IA en fase 1 (fondo neutro, nitidez), sobre la versión ampliada."
"/images/brototermic-resistencia-flexible10.jpg","resistencias-flexibles.html","AMPLIAR_X2","alta","fase 2","Cable calefactor autorregulante","260x168: ampliación automática ×2 en lote; se sirve a 480 px (JPG + WebP 480). Revisar el alt con la imagen delante. Retoque manual con IA en fase 2 (después de publicar)."
"/images/brototermic-resistencia-flexible11.jpg","resistencias-flexibles.html","AMPLIAR_X2","alta","fase 2","Mangueras calefactoras","260x168: ampliación automática ×2 en lote; se sirve a 480 px (JPG + WebP 480). Revisar el alt con la imagen delante. Retoque manual con IA en fase 2 (después de publicar)."
"/images/brototermic-resistencia-flexible12.jpg","resistencias-flexibles.html","AMPLIAR_X2","alta","fase 2","Laminares flexibles","260x168: ampliación automática ×2 en lote; se sirve a 480 px (JPG + WebP 480). Revisar el alt con la imagen delante. Retoque manual con IA en fase 2 (después de publicar)."
"/images/brototermic-resistencia-flexible2.jpg","resistencias-flexibles.html","AMPLIAR_X2","alta","fase 2","Elementos para desescarche","260x168: ampliación automática ×2 en lote; se sirve a 480 px (JPG + WebP 480). Revisar el alt con la imagen delante. Retoque manual con IA en fase 2 (después de publicar)."
"/images/brototermic-resistencia-flexible3.jpg","resistencias-flexibles.html","AMPLIAR_X2","alta","fase 2","Cable calefactor de silicona","260x168: ampliación automática ×2 en lote; se sirve a 480 px (JPG + WebP 480). Revisar el alt con la imagen delante. Retoque manual con IA en fase 2 (después de publicar)."
"/images/brototermic-resistencia-flexible4.jpg","resistencias-flexibles.html","AMPLIAR_X2","alta","fase 2","Bipolares de silicona tipo torpedo","260x168: ampliación automática ×2 en lote; se sirve a 480 px (JPG + WebP 480). Revisar el alt con la imagen delante. Retoque manual con IA en fase 2 (después de publicar)."
"/images/brototermic-resistencia-flexible5.jpg","resistencias-flexibles.html","AMPLIAR_X2","alta","fase 2","Cable calefactor tipo paralelo","260x168: ampliación automática ×2 en lote; se sirve a 480 px (JPG + WebP 480). Revisar el alt con la imagen delante. Retoque manual con IA en fase 2 (después de publicar)."
"/images/brototermic-resistencia-flexible6.jpg","resistencias-flexibles.html","AMPLIAR_X2","alta","fase 2","Resistencias cobre recocido","260x168: ampliación automática ×2 en lote; se sirve a 480 px (JPG + WebP 480). Revisar el alt con la imagen delante. Retoque manual con IA en fase 2 (después de publicar)."
"/images/brototermic-resistencia-flexible7.jpg","resistencias-flexibles.html","AMPLIAR_X2","alta","fase 2","Resistencias para compresores","260x168: ampliación automática ×2 en lote; se sirve a 480 px (JPG + WebP 480). Revisar el alt con la imagen delante. Retoque manual con IA en fase 2 (después de publicar)."
"/images/brototermic-resistencia-flexible8.jpg","resistencias-flexibles.html","AMPLIAR_X2","alta","fase 2","Cintas calefactoras alta temperatura","260x168: ampliación automática ×2 en lote; se sirve a 480 px (JPG + WebP 480). Revisar el alt con la imagen delante. Retoque manual con IA en fase 2 (después de publicar)."
"/images/brototermic-resistencia-flexible9.jpg","resistencias-flexibles.html","AMPLIAR_X2","alta","fase 2","Cable calefactor","260x168: ampliación automática ×2 en lote; se sirve a 480 px (JPG + WebP 480). Revisar el alt con la imagen delante. Retoque manual con IA en fase 2 (después de publicar)."
"/images/brototermic-resistencia-plana1.jpg","resistencias-planas.html","AMPLIAR_X2","media","","Resistencias planas soporte de mica","260x168: ampliación automática ×2 en lote; se sirve a 480 px (JPG + WebP 480). Revisar el alt con la imagen delante."
"/images/brototermic-resistencia-plana2.jpg","resistencias-planas.html","AMPLIAR_X2","media","","Resistencias planas soporte de cerámica","260x168: ampliación automática ×2 en lote; se sirve a 480 px (JPG + WebP 480). Revisar el alt con la imagen delante."
"/images/brototermic-resistenciainmersion.jpg","resistencias-inmersion.html","AMPLIAR_X2","alta","fase 1","Modelos NA, OV, T","260x168: ampliación automática ×2 en lote; se sirve a 480 px (JPG + WebP 480). Revisar el alt con la imagen delante. Retoque manual con IA en fase 1 (fondo neutro, nitidez), sobre la versión ampliada."
"/images/brototermic-resistenciamonobloc.jpg","resistencias-inmersion.html","AMPLIAR_X2","alta","fase 2","Grupo Monobloc","260x168: ampliación automática ×2 en lote; se sirve a 480 px (JPG + WebP 480). Revisar el alt con la imagen delante. Retoque manual con IA en fase 2 (después de publicar)."
"/images/brototermic-resistencias-abrazadera.jpg","fabricaciones-a-medida.html","AMPLIAR_X2","alta","fase 2","Resistencias abrazaderas","260x168: ampliación automática ×2 en lote; se sirve a 480 px (JPG + WebP 480). Revisar el alt con la imagen delante. Retoque manual con IA en fase 2 (después de publicar)."
"/images/brototermic-resistencias-aerotermos-industrial.jpg","resistencias-atex.html resistencias-calentamientoaire.html","AMPLIAR_X2","alta","fase 2","Aerotermo Industrial ATEX","260x168: ampliación automática ×2 en lote; se sirve a 480 px (JPG + WebP 480). Revisar el alt con la imagen delante. Retoque manual con IA en fase 2 (después de publicar)."
"/images/brototermic-resistencias-espiraladas.jpg","resistencias-calentamientoaire.html","AMPLIAR_X2","alta","fase 2","Resistencias Espiraladas para Hornos Industriales","260x168: ampliación automática ×2 en lote; se sirve a 480 px (JPG + WebP 480). Revisar el alt con la imagen delante. Retoque manual con IA en fase 2 (después de publicar)."
"/images/brototermic-resistencias-nitruro.jpg","resistencias-calentamientoaire.html","AMPLIAR_X2","alta","fase 2","Resistencias de Nitruro de Boro.","260x168: ampliación automática ×2 en lote; se sirve a 480 px (JPG + WebP 480). Revisar el alt con la imagen delante. Retoque manual con IA en fase 2 (después de publicar)."
"/images/brototermic-resistencias-paneles-calefactores.jpg","resistencias-calentamientoaire.html","AMPLIAR_X2","alta","fase 2","Paneles Calefactores","260x168: ampliación automática ×2 en lote; se sirve a 480 px (JPG + WebP 480). Revisar el alt con la imagen delante. Retoque manual con IA en fase 2 (después de publicar)."
"/images/brototermic-resistencias-sistemas-combinados.jpg","resistencias-calentamientoaire.html","AMPLIAR_X2","alta","fase 2","Resistencias Sistemas Combinados","260x168: ampliación automática ×2 en lote; se sirve a 480 px (JPG + WebP 480). Revisar el alt con la imagen delante. Retoque manual con IA en fase 2 (después de publicar)."
"/images/brototermic-resistencias-tubos-radiantes.jpg","resistencias-calentamientoaire.html","AMPLIAR_X2","alta","fase 2","Resistencias para Tubos Radiantes","260x168: ampliación automática ×2 en lote; se sirve a 480 px (JPG + WebP 480). Revisar el alt con la imagen delante. Retoque manual con IA en fase 2 (después de publicar)."
"/images/brototermic-resistencias.jpg","resistencias-calentamientoaire.html","AMPLIAR_X2","alta","fase 2","Resistencias para horno y estufa","260x168: ampliación automática ×2 en lote; se sirve a 480 px (JPG + WebP 480). Revisar el alt con la imagen delante. Retoque manual con IA en fase 2 (después de publicar)."
"/images/brototermic-resistenciasaletadas.jpg","resistencias-calentamientoaire.html","AMPLIAR_X2","alta","fase 1","Resistencias para calentamiento de aire aletadas","260x168: ampliación automática ×2 en lote; se sirve a 480 px (JPG + WebP 480). Revisar el alt con la imagen delante. Retoque manual con IA en fase 1 (fondo neutro, nitidez), sobre la versión ampliada."
"/images/brototermic-resistenciatrifasica.jpg","resistencias-inmersion.html","AMPLIAR_X2","alta","fase 2","Modelos DP, ED, ET","260x168: ampliación automática ×2 en lote; se sirve a 480 px (JPG + WebP 480). Revisar el alt con la imagen delante. Retoque manual con IA en fase 2 (después de publicar)."
"/images/brototermic-secadores.jpg","equipos-perifericos.html","AMPLIAR_X2","media","","Secadores","260x168: ampliación automática ×2 en lote; se sirve a 480 px (JPG + WebP 480). Revisar el alt con la imagen delante."
"/images/brototermic-sensor-incr.jpg","controldenivel-niveles-de-flotador.html","AMPLIAR_X2","media","","Sensor flotador INCR","260x168: ampliación automática ×2 en lote; se sirve a 480 px (JPG + WebP 480). Revisar el alt con la imagen delante."
"/images/brototermic-sensor-inmr-ams.jpg","controldenivel-niveles-de-flotador.html","AMPLIAR_X2","media","","Sensor flotador INMR-AMS","260x168: ampliación automática ×2 en lote; se sirve a 480 px (JPG + WebP 480). Revisar el alt con la imagen delante."
"/images/brototermic-sensor-inmr-hyp.jpg","controldenivel-niveles-de-flotador.html","AMPLIAR_X2","media","","Sensor flotador INMR HYP","260x168: ampliación automática ×2 en lote; se sirve a 480 px (JPG + WebP 480). Revisar el alt con la imagen delante."
"/images/brototermic-sensor-inmr-inox.jpg","controldenivel-niveles-de-flotador.html","AMPLIAR_X2","media","","Sensor flotador INMR INOX","260x168: ampliación automática ×2 en lote; se sirve a 480 px (JPG + WebP 480). Revisar el alt con la imagen delante."
"/images/brototermic-sensor-inmr-vs.jpg","controldenivel-niveles-de-flotador.html","AMPLIAR_X2","media","","Sensor flotador INMR-VS","260x168: ampliación automática ×2 en lote; se sirve a 480 px (JPG + WebP 480). Revisar el alt con la imagen delante."
"/images/brototermic-sensor-inmr.jpg","controldenivel-niveles-de-flotador.html","AMPLIAR_X2","media","","Sensor flotador INMR ECO","260x168: ampliación automática ×2 en lote; se sirve a 480 px (JPG + WebP 480). Revisar el alt con la imagen delante."
"/images/brototermic-sensor-scavtb.jpg","controldenivel-sensores-capacitivos.html","AMPLIAR_X2","baja","","Sensor SCAV TB","260x168: ampliación automática ×2 en lote; se sirve a 480 px (JPG + WebP 480). Revisar el alt con la imagen delante."
"/images/brototermic-sensor-scr35.jpg","controldenivel-sensores-capacitivos.html","AMPLIAR_X2","baja","","Sensor SCR 35","260x168: ampliación automática ×2 en lote; se sirve a 480 px (JPG + WebP 480). Revisar el alt con la imagen delante."
"/images/brototermic-sensor-scrr35.jpg","controldenivel-sensores-capacitivos.html","AMPLIAR_X2","baja","","Sensor SCRR 35 T 43650","260x168: ampliación automática ×2 en lote; se sirve a 480 px (JPG + WebP 480). Revisar el alt con la imagen delante."
"/images/brototermic-sensor-ultrasonido.jpg","controldenivel-sensores-de-ultrasonidos.html","AMPLIAR_X2","baja","","Sensor de ultrasonido SNU30P-1","260x168: ampliación automática ×2 en lote; se sirve a 480 px (JPG + WebP 480). Revisar el alt con la imagen delante."
"/images/brototermic-sensorcnm10.jpg","controldenivel-sensores-de-presion.html","AMPLIAR_X2","baja","","Sensor CNM 10","260x168: ampliación automática ×2 en lote; se sirve a 480 px (JPG + WebP 480). Revisar el alt con la imagen delante."
"/images/brototermic-sensorcnm20ex.jpg","controldenivel-sensores-de-presion.html","AMPLIAR_X2","baja","","Sensor CNM 20 EX","260x168: ampliación automática ×2 en lote; se sirve a 480 px (JPG + WebP 480). Revisar el alt con la imagen delante."
"/images/brototermic-sensorcnm30.jpg","controldenivel-sensores-de-presion.html","AMPLIAR_X2","baja","","Sensor CNM 30","260x168: ampliación automática ×2 en lote; se sirve a 480 px (JPG + WebP 480). Revisar el alt con la imagen delante."
"/images/brototermic-sensorcnpr-d.jpg","controldenivel-niveles-rotativos.html","AMPLIAR_X2","baja","","Sensor CNPR-D","260x168: ampliación automática ×2 en lote; se sirve a 480 px (JPG + WebP 480). Revisar el alt con la imagen delante."
"/images/brototermic-sensorcnpr-n.jpg","controldenivel-niveles-rotativos.html","AMPLIAR_X2","baja","","Sensor CNPR-N","260x168: ampliación automática ×2 en lote; se sirve a 480 px (JPG + WebP 480). Revisar el alt con la imagen delante."
"/images/brototermic-sensores-temperatura.jpg","fabricaciones-a-medida.html","AMPLIAR_X2","alta","fase 2","Sensores de temperatura","260x168: ampliación automática ×2 en lote; se sirve a 480 px (JPG + WebP 480). Revisar el alt con la imagen delante. Retoque manual con IA en fase 2 (después de publicar)."
"/images/brototermic-sensoresntc.jpg","controltemperatura-sondastemperatura.html","AMPLIAR_X2","alta","fase 2","Sensores PTC","260x168: ampliación automática ×2 en lote; se sirve a 480 px (JPG + WebP 480). Revisar el alt con la imagen delante. Retoque manual con IA en fase 2 (después de publicar)."
"/images/brototermic-sensoresptc.jpg","controltemperatura-sondastemperatura.html","AMPLIAR_X2","alta","fase 2","Sensores NTC","260x168: ampliación automática ×2 en lote; se sirve a 480 px (JPG + WebP 480). Revisar el alt con la imagen delante. Retoque manual con IA en fase 2 (después de publicar)."
"/images/brototermic-sielcod1.jpg","controltemperatura-indicadores-de-procesos.html","AMPLIAR_X2","media","","Infrarrojo compacto IC1013NG","260x168: ampliación automática ×2 en lote; se sirve a 480 px (JPG + WebP 480). Revisar el alt con la imagen delante."
"/images/brototermic-sistema-hermetico.jpg","resistencias-tipo-abrazadera.html","AMPLIAR_X2","alta","fase 2","Sistema hermético latón","260x168: ampliación automática ×2 en lote; se sirve a 480 px (JPG + WebP 480). Revisar el alt con la imagen delante. Retoque manual con IA en fase 2 (después de publicar)."
"/images/brototermic-sistemas-telecontrol.jpg","controltemperatura-termostatos.html","AMPLIAR_X2","media","","Sistemas telecontrol y telemando HERMES","260x168: ampliación automática ×2 en lote; se sirve a 480 px (JPG + WebP 480). Revisar el alt con la imagen delante."
"/images/brototermic-snda.jpg","controldenivel-reles-de-nivel.html","AMPLIAR_X2","baja","","SNDA","260x168: ampliación automática ×2 en lote; se sirve a 480 px (JPG + WebP 480). Revisar el alt con la imagen delante."
"/images/brototermic-snia-sin.jpg","controldenivel-reles-de-nivel.html","AMPLIAR_X2","baja","","SNIA-SIN","260x168: ampliación automática ×2 en lote; se sirve a 480 px (JPG + WebP 480). Revisar el alt con la imagen delante."
"/images/brototermic-sonda-ewhs304.jpg","presionhumedad-sondas-de-humedad.html","AMPLIAR_X2","media","","Sonda humedad EWHS-304","260x168: ampliación automática ×2 en lote; se sirve a 480 px (JPG + WebP 480). Revisar el alt con la imagen delante."
"/images/brototermic-sonda-ewhs314.jpg","presionhumedad-sondas-de-humedad.html","AMPLIAR_X2","media","","Humedad/Temperatura/EWHS-314","260x168: ampliación automática ×2 en lote; se sirve a 480 px (JPG + WebP 480). Revisar el alt con la imagen delante."
"/images/brototermic-sonda-humedad.jpg","presionhumedad-sondas-de-humedad.html","AMPLIAR_X2","media","fase 1","Sonda humedad EWHS-284","260x168: ampliación automática ×2 en lote; se sirve a 480 px (JPG + WebP 480). Revisar el alt con la imagen delante. Retoque manual con IA en fase 1 (fondo neutro, nitidez), sobre la versión ampliada."
"/images/brototermic-sonda-sta3.jpg","presionhumedad-sondas-de-humedad.html","AMPLIAR_X2","media","","Sonda humedad/temperatura STA-3","260x168: ampliación automática ×2 en lote; se sirve a 480 px (JPG + WebP 480). Revisar el alt con la imagen delante."
"/images/brototermic-sonda-sta3e.jpg","presionhumedad-sondas-de-humedad.html","AMPLIAR_X2","media","","Humedad/temperatura STA-3E","260x168: ampliación automática ×2 en lote; se sirve a 480 px (JPG + WebP 480). Revisar el alt con la imagen delante."
"/images/brototermic-soporte-ceramica.jpg","resistencias-tipo-abrazadera.html","AMPLIAR_X2","alta","fase 2","Soporte de cerámica","260x168: ampliación automática ×2 en lote; se sirve a 480 px (JPG + WebP 480). Revisar el alt con la imagen delante. Retoque manual con IA en fase 2 (después de publicar)."
"/images/brototermic-soporte-con-escafandra.jpg","resistencias-tipo-abrazadera.html","AMPLIAR_X2","alta","fase 2","Soporte de mica","260x168: ampliación automática ×2 en lote; se sirve a 480 px (JPG + WebP 480). Revisar el alt con la imagen delante. Retoque manual con IA en fase 2 (después de publicar)."
"/images/brototermic-soporte-sin-escafandra.jpg","resistencias-tipo-abrazadera.html","AMPLIAR_X2","alta","fase 1","Soporte de mica","260x168: ampliación automática ×2 en lote; se sirve a 480 px (JPG + WebP 480). Revisar el alt con la imagen delante. Retoque manual con IA en fase 1 (fondo neutro, nitidez), sobre la versión ampliada."
"/images/brototermic-sumergidores.jpg","resistencias-inmersion.html","AMPLIAR_X2","alta","fase 2","Sumergidores baños agresivos","260x168: ampliación automática ×2 en lote; se sirve a 480 px (JPG + WebP 480). Revisar el alt con la imagen delante. Retoque manual con IA en fase 2 (después de publicar)."
"/images/brototermic-taponroscadorfa-cs.jpg","resistencias-atex.html","AMPLIAR_X2","alta","fase 2","tapón roscado y vaina RFA-CS","260x168: ampliación automática ×2 en lote; se sirve a 480 px (JPG + WebP 480). Revisar el alt con la imagen delante. Retoque manual con IA en fase 2 (después de publicar)."
"/images/brototermic-taponroscadorfa.jpg","resistencias-atex.html","AMPLIAR_X2","alta","fase 1","Tapón roscado RFA","260x168: ampliación automática ×2 en lote; se sirve a 480 px (JPG + WebP 480). Revisar el alt con la imagen delante. Retoque manual con IA en fase 1 (fondo neutro, nitidez), sobre la versión ampliada."
"/images/brototermic-temperatura.jpg","presionhumedad-sondas-de-humedad.html","AMPLIAR_X2","media","","Sonda Humedad/Temperatura cable","260x168: ampliación automática ×2 en lote; se sirve a 480 px (JPG + WebP 480). Revisar el alt con la imagen delante."
"/images/brototermic-temperaturarele.jpg","presionhumedad-sondas-de-humedad.html","AMPLIAR_X2","media","","Transmisor Humedad/Temperatura salida relé","260x168: ampliación automática ×2 en lote; se sirve a 480 px (JPG + WebP 480). Revisar el alt con la imagen delante."
"/images/brototermic-termometro-a-distancia.jpg","controltemperatura-termometros.html","AMPLIAR_X2","media","","Termómetro a distancia","260x168: ampliación automática ×2 en lote; se sirve a 480 px (JPG + WebP 480). Revisar el alt con la imagen delante."
"/images/brototermic-termometro-bimetalico-orientable.jpg","controltemperatura-termometros.html","AMPLIAR_X2","media","","Termómetros bimetálicos orientables","260x168: ampliación automática ×2 en lote; se sirve a 480 px (JPG + WebP 480). Revisar el alt con la imagen delante."
"/images/brototermic-termometro-bimetalico.jpg","controltemperatura-termometros.html","AMPLIAR_X2","media","","Termómetros bimetálicos","260x168: ampliación automática ×2 en lote; se sirve a 480 px (JPG + WebP 480). Revisar el alt con la imagen delante."
"/images/brototermic-termometro-digital-portatil.jpg","controltemperatura-termometros.html","AMPLIAR_X2","media","","Termómetro digital portátil","260x168: ampliación automática ×2 en lote; se sirve a 480 px (JPG + WebP 480). Revisar el alt con la imagen delante."
"/images/brototermic-termometro-eas62.jpg","controltemperatura-termometros.html","AMPLIAR_X2","media","","Termómetro electrónico EAS62","260x168: ampliación automática ×2 en lote; se sirve a 480 px (JPG + WebP 480). Revisar el alt con la imagen delante."
"/images/brototermic-termometro-emplus600.jpg","controltemperatura-termometros.html","AMPLIAR_X2","media","","Termómetro EMPLUS600 estándar","260x168: ampliación automática ×2 en lote; se sirve a 480 px (JPG + WebP 480). Revisar el alt con la imagen delante."
"/images/brototermic-termometro-ewtl.jpg","controltemperatura-termometros.html","AMPLIAR_X2","media","","Termómetro batería EWTL","260x168: ampliación automática ×2 en lote; se sirve a 480 px (JPG + WebP 480). Revisar el alt con la imagen delante."
"/images/brototermic-termometro-tuberia.jpg","controltemperatura-termometros.html","AMPLIAR_X2","media","","Termómetro tubería","260x168: ampliación automática ×2 en lote; se sirve a 480 px (JPG + WebP 480). Revisar el alt con la imagen delante."
"/images/brototermic-termopar.jpg","controltemperatura-sondastemperatura.html","AMPLIAR_X2","alta","fase 2","Termopar propósito general","260x168: ampliación automática ×2 en lote; se sirve a 480 px (JPG + WebP 480). Revisar el alt con la imagen delante. Retoque manual con IA en fase 2 (después de publicar)."
"/images/brototermic-termoparbayoneta.jpg","controltemperatura-sondastemperatura.html","AMPLIAR_X2","alta","fase 2","Termopar bayoneta general","260x168: ampliación automática ×2 en lote; se sirve a 480 px (JPG + WebP 480). Revisar el alt con la imagen delante. Retoque manual con IA en fase 2 (después de publicar)."
"/images/brototermic-termoparceramico.jpg","controltemperatura-sondastemperatura.html","AMPLIAR_X2","alta","fase 2","Termopar cerámico","260x168: ampliación automática ×2 en lote; se sirve a 480 px (JPG + WebP 480). Revisar el alt con la imagen delante. Retoque manual con IA en fase 2 (después de publicar)."
"/images/brototermic-termoparencamisado.jpg","controltemperatura-sondastemperatura.html","AMPLIAR_X2","alta","fase 2","Termopar encamisado","260x168: ampliación automática ×2 en lote; se sirve a 480 px (JPG + WebP 480). Revisar el alt con la imagen delante. Retoque manual con IA en fase 2 (después de publicar)."
"/images/brototermic-termopozos.jpg","controltemperatura-accesorios-sondas.html","AMPLIAR_X2","baja","","Vainas y Termopozos","260x168: ampliación automática ×2 en lote; se sirve a 480 px (JPG + WebP 480). Revisar el alt con la imagen delante."
"/images/brototermic-termorresistenciartd.jpg","controltemperatura-sondastemperatura.html","AMPLIAR_X2","alta","fase 2","Termorresistencia RTD","260x168: ampliación automática ×2 en lote; se sirve a 480 px (JPG + WebP 480). Revisar el alt con la imagen delante. Retoque manual con IA en fase 2 (después de publicar)."
"/images/brototermic-termorresistenciartd2.jpg","controltemperatura-sondastemperatura.html","AMPLIAR_X2","alta","fase 2","Termorresistencia aislamiento mineral","260x168: ampliación automática ×2 en lote; se sirve a 480 px (JPG + WebP 480). Revisar el alt con la imagen delante. Retoque manual con IA en fase 2 (después de publicar)."
"/images/brototermic-termosondamango.jpg","controltemperatura-sondastemperatura.html","AMPLIAR_X2","alta","fase 2","Termosonda con mango","260x168: ampliación automática ×2 en lote; se sirve a 480 px (JPG + WebP 480). Revisar el alt con la imagen delante. Retoque manual con IA en fase 2 (después de publicar)."
"/images/brototermic-termosondavaina.jpg","controltemperatura-sondastemperatura.html","AMPLIAR_X2","alta","fase 1","Termosonda en vaina","260x168: ampliación automática ×2 en lote; se sirve a 480 px (JPG + WebP 480). Revisar el alt con la imagen delante. Retoque manual con IA en fase 1 (fondo neutro, nitidez), sobre la versión ampliada."
"/images/brototermic-termosondazocalo.jpg","controltemperatura-sondastemperatura.html","AMPLIAR_X2","alta","fase 2","Termosonda con zócalo cerámico","260x168: ampliación automática ×2 en lote; se sirve a 480 px (JPG + WebP 480). Revisar el alt con la imagen delante. Retoque manual con IA en fase 2 (después de publicar)."
"/images/brototermic-termostato-ambiente.jpg","controltemperatura-termostatos.html","AMPLIAR_X2","media","","Termostato ambiente a distancia","260x168: ampliación automática ×2 en lote; se sirve a 480 px (JPG + WebP 480). Revisar el alt con la imagen delante."
"/images/brototermic-termostato-capilar-tripolares.jpg","controltemperatura-termostatos.html","AMPLIAR_X2","media","","Termostato bulbo capilar tripolares","260x168: ampliación automática ×2 en lote; se sirve a 480 px (JPG + WebP 480). Revisar el alt con la imagen delante."
"/images/brototermic-termostato-digital.jpg","controltemperatura-termostatos.html","AMPLIAR_X2","media","","Termostato ambiente digital","260x168: ampliación automática ×2 en lote; se sirve a 480 px (JPG + WebP 480). Revisar el alt con la imagen delante."
"/images/brototermic-termostato-inmersion-tc2.jpg","controltemperatura-termostatos.html","AMPLIAR_X2","media","","Termostato inmersión TC-2","260x168: ampliación automática ×2 en lote; se sirve a 480 px (JPG + WebP 480). Revisar el alt con la imagen delante."
"/images/brototermic-termostato-liquidos-agresivos.jpg","controltemperatura-termostatos.html","AMPLIAR_X2","media","","Termostato líquidos agresivos","260x168: ampliación automática ×2 en lote; se sirve a 480 px (JPG + WebP 480). Revisar el alt con la imagen delante."
"/images/brototermic-termostato-mecanico.jpg","controltemperatura-termostatos.html","AMPLIAR_X2","media","","Termostato ambiente mecánico","260x168: ampliación automática ×2 en lote; se sirve a 480 px (JPG + WebP 480). Revisar el alt con la imagen delante."
"/images/brototermic-termostato-regulable-brc.jpg","controltemperatura-termostatos.html","AMPLIAR_X2","media","","Termostato regulable tubería BRC","260x168: ampliación automática ×2 en lote; se sirve a 480 px (JPG + WebP 480). Revisar el alt con la imagen delante."
"/images/brototermic-termostato-seguridad-ls1.jpg","controltemperatura-termostatos.html","AMPLIAR_X2","media","","Termostato limitador seguridad LS-1","260x168: ampliación automática ×2 en lote; se sirve a 480 px (JPG + WebP 480). Revisar el alt con la imagen delante."
"/images/brototermic-termostatos-estanco-capilar.jpg","controltemperatura-termostatos.html","AMPLIAR_X2","media","","Termostato estanco capilar a distancia","260x168: ampliación automática ×2 en lote; se sirve a 480 px (JPG + WebP 480). Revisar el alt con la imagen delante."
"/images/brototermic-termostatos-estancos.jpg","controltemperatura-termostatos.html","AMPLIAR_X2","media","","Termostatos estancos","260x168: ampliación automática ×2 en lote; se sirve a 480 px (JPG + WebP 480). Revisar el alt con la imagen delante."
"/images/brototermic-termostatos-regulable-tr2.jpg","controltemperatura-termostatos.html","AMPLIAR_X2","media","","Termostato regulable TR2","260x168: ampliación automática ×2 en lote; se sirve a 480 px (JPG + WebP 480). Revisar el alt con la imagen delante."
"/images/brototermic-tmn300db-inox.jpg","controldenivel-transductores-magneticos.html","AMPLIAR_X2","baja","","TMN 300 DB INOX","260x168: ampliación automática ×2 en lote; se sirve a 480 px (JPG + WebP 480). Revisar el alt con la imagen delante."
"/images/brototermic-tmn300tb-inox.jpg","controldenivel-transductores-magneticos.html","AMPLIAR_X2","baja","","TMN 300 TB INOX","260x168: ampliación automática ×2 en lote; se sirve a 480 px (JPG + WebP 480). Revisar el alt con la imagen delante."
"/images/brototermic-transmisor-tpsp22.jpg","presionhumedad-sensores-de-presion.html","AMPLIAR_X2","media","fase 1","Transmisor TPSP22","260x168: ampliación automática ×2 en lote; se sirve a 480 px (JPG + WebP 480). Revisar el alt con la imagen delante. Retoque manual con IA en fase 1 (fondo neutro, nitidez), sobre la versión ampliada."
"/images/brototermic-transmisor-tpsp32.jpg","presionhumedad-sensores-de-presion.html","AMPLIAR_X2","media","","Transmisor TPSP 32","260x168: ampliación automática ×2 en lote; se sirve a 480 px (JPG + WebP 480). Revisar el alt con la imagen delante."
"/images/brototermic-transmisor-tpsp41.jpg","presionhumedad-sensores-de-presion.html","AMPLIAR_X2","media","","Transmisor TPSP41","260x168: ampliación automática ×2 en lote; se sirve a 480 px (JPG + WebP 480). Revisar el alt con la imagen delante."
"/images/brototermic-transmisor-tpsp42.jpg","presionhumedad-sensores-de-presion.html","AMPLIAR_X2","media","","Transmisor TPSP42","260x168: ampliación automática ×2 en lote; se sirve a 480 px (JPG + WebP 480). Revisar el alt con la imagen delante."
"/images/brototermic-trifasicosris.jpg","resistencias-calefaccion-industrial.html","AMPLIAR_X2","media","","Convectores trifásicos RIS","260x168: ampliación automática ×2 en lote; se sirve a 480 px (JPG + WebP 480). Revisar el alt con la imagen delante."
"/images/brototermic-ventiladores-axiales.jpg","ventilacion.html","AMPLIAR_X2","media","","Ventiladores axiales","260x168: ampliación automática ×2 en lote; se sirve a 480 px (JPG + WebP 480). Revisar el alt con la imagen delante."
"/images/brototermic-ventiladores-centrifugos.jpg","ventilacion.html","AMPLIAR_X2","media","","Ventiladores centrífugos","260x168: ampliación automática ×2 en lote; se sirve a 480 px (JPG + WebP 480). Revisar el alt con la imagen delante."
"/images/brototermic-ventiladores-compactos.jpg","ventilacion.html","AMPLIAR_X2","media","","Ventiladores compactos","260x168: ampliación automática ×2 en lote; se sirve a 480 px (JPG + WebP 480). Revisar el alt con la imagen delante."
"/images/brototermic-ventiladores-tangenciales.jpg","ventilacion.html","AMPLIAR_X2","media","","Ventiladores tangenciales","260x168: ampliación automática ×2 en lote; se sirve a 480 px (JPG + WebP 480). Revisar el alt con la imagen delante."
"/images/brototermic-video-fuji.jpg","controltemperatura-videoregistradores.html","AMPLIAR_X2","baja","","Video registrador FUJI","260x168: ampliación automática ×2 en lote; se sirve a 480 px (JPG + WebP 480). Revisar el alt con la imagen delante."
"/images/brototermic-video-ohkura.jpg","controltemperatura-videoregistradores.html","AMPLIAR_X2","baja","","Video registrador OHKURA","260x168: ampliación automática ×2 en lote; se sirve a 480 px (JPG + WebP 480). Revisar el alt con la imagen delante."
"/images/brototermic-zonasclasificadas.jpg","resistencias-atex.html","AMPLIAR_X2","alta","fase 2","Zonas clasificadas FUH","260x168: ampliación automática ×2 en lote; se sirve a 480 px (JPG + WebP 480). Revisar el alt con la imagen delante. Retoque manual con IA en fase 2 (después de publicar)."
"/images/brototermic.jpg","index.html","AMPLIAR_X2","alta","fase 1","Fachada de la oficina de BROTOTERMIC en la calle Pintor Ortiz de Urbina de Vitoria-Gasteiz","Foto real de la sede: usar en inicio, empresa y contacto. Ampliación ×2 en lote y retoque manual (solo nitidez); no alterar rótulos. Retoque manual con IA en fase 1 (fondo neutro, nitidez), sobre la versión ampliada."
"/images/Catalogos-de-brototermic.jpg","index.html","SUSTITUIR","media","","Catálogos de instrumentación y de resistencias de BROTOTERMIC","100x110: demasiado pequeña. Nueva imagen de portada (permitida generada para ambiente) o portada real del PDF."
"/images/controlador-doble-lazo-re92-brototermic.jpg","controltemperatura-indicadores-de-procesos.html","AMPLIAR_X2","media","","Indicador Gran formato DG-01","260x168: ampliación automática ×2 en lote; se sirve a 480 px (JPG + WebP 480). Revisar el alt con la imagen delante."
"/images/equipos-de-refrigeracion.jpg","nuevos-productos.html","AMPLIAR_X2","baja","","Equipos de refrigeración","260x168: ampliación automática ×2 en lote; se sirve a 480 px (JPG + WebP 480). Revisar el alt con la imagen delante."
"/images/footer-logo.jpg","contacto.html controldenivel-interruptores-magneticos.html controldenivel-niveles-de-flotador.html controldenivel-niveles-rotativos.html controldenivel-reles-de-nivel.html controldenivel-sensores-capacitivos.html controldenivel-sensores-conductivos.html controldenivel-sensores-de-presion.html controldenivel-sensores-de-ultrasonidos.html controldenivel-transductores-magneticos.html controltemperatura-accesorios-sondas.html controltemperatura-cables-compensacion.html controltemperatura-convertidores.html controltemperatura-dataloggers.html controltemperatura-equipos-de-medicion.html controltemperatura-indicadores-de-procesos.html controltemperatura-panelespc-software.html controltemperatura-reles-estado-solido.html controltemperatura-sensores-infrarrojos.html controltemperatura-sondastemperatura.html controltemperatura-termometros.html controltemperatura-termostatos.html controltemperatura-videoregistradores.html cookies.html empresa.html equipos-perifericos.html equiposderefrigeracion-refrigeradores-chillers.html fabricaciones-a-medida.html hornos-industriales.html index.html mapa-web.html nuevos-productos.html presionhumedad-sensores-de-presion.html presionhumedad-sondas-de-humedad.html privacidad.html resistencias-atex.html resistencias-calefaccion-industrial.html resistencias-calentamientoaire.html resistencias-especiales-a-medida.html resistencias-flexibles.html resistencias-infrarrojos.html resistencias-inmersion.html resistencias-mantas-calefactoras.html resistencias-planas.html resistencias-tipo-abrazadera.html resistencias-tipo-cartucho.html ventilacion.html","SUSTITUIR","alta","","BROTOTERMIC","Logo del pie. Pedir logo vectorial (SVG) al cliente; igual para images/logo.png (fondo de cabecera, no está en este inventario porque se carga por CSS)."
"/images/indicadores-universales-itp1-brototermic.jpg","controltemperatura-indicadores-de-procesos.html","AMPLIAR_X2","media","","Indicadores  Universales ITP1","260x168: ampliación automática ×2 en lote; se sirve a 480 px (JPG + WebP 480). Revisar el alt con la imagen delante."
"/images/nuevos-productos-brototermic.jpg","index.html","SUSTITUIR","baja","","[POR VERIFICAR: nueva imagen] Nuevos productos","100x110: demasiado pequeña."
"/images/Pdf_icon.png","controltemperatura-indicadores-de-procesos.html controltemperatura-sondastemperatura.html resistencias-tipo-cartucho.html","ELIMINAR","baja","","","Se sustituye por un icono SVG en la plantilla (Persona A)."
"/images/productos-a-medida-brototermic.jpg","index.html","SUSTITUIR","media","","[POR VERIFICAR: nueva imagen] Fabricación de resistencias a medida","100x110: demasiado pequeña. Sustituir por foto real de producto a medida o imagen de ambiente."
"/images/slide-1.jpg","index.html","CONVERTIR","alta","fase 1","Calefactor de inmersión con brida y caja de conexiones antideflagrante roja","Hero del inicio. 910x426: JPG optimizado + WebP 480. Ver en AGENTS.md §12 la propuesta de servir el JPG de 910 px en el hero. Retoque manual en fase 1 solo si hace falta (fondo, nitidez): revisar antes."
"/images/slide-2.jpg","index.html","CONVERTIR","alta","fase 1","Ventilador axial de palas negras sobre rejilla de protección","910x426: JPG optimizado + WebP 480. El nuevo inicio usa un único hero; esta puede ir en la familia Ventilación. Retoque manual en fase 1 solo si hace falta (fondo, nitidez): revisar antes."
"/images/slide-3.jpg","index.html","CONVERTIR","alta","fase 1","Controlador de temperatura TKC T-900 con sonda y cabezal de conexiones","910x426: JPG optimizado + WebP 480. Candidata a imagen de la familia Control de temperatura. Retoque manual en fase 1 solo si hace falta (fondo, nitidez): revisar antes."
"/images/slide-4.jpg","index.html","CONVERTIR","alta","fase 1","Gama de sensores de nivel: electrodos, flotadores, sondas de presión y niveles rotativos","910x426: JPG optimizado + WebP 480. Candidata a imagen de la familia Control de nivel. Retoque manual en fase 1 solo si hace falta (fondo, nitidez): revisar antes."
"/images/Tabla-fabricacion.jpg","resistencias-especiales-a-medida.html","CONVERTIR","alta","","Tabla de longitudes máximas de tubo según material de la funda y diámetro","Es una tabla de datos en imagen: transcribirla a <table> HTML en resistencias-especiales-a-medida.html (accesible e indexable) y mantener la imagen como apoyo."
"/oviedo/images/brototermic-distribuciones-insdustriales.jpg","oviedo/index.html","AMPLIAR_X2","baja","","Controlador de temperatura con display digital y sonda con cabezal de conexiones","Opcional: imagen para la familia Control de temperatura. Si se usa, nombre nuevo sin errata (p. ej. controlador-temperatura-con-sonda.jpg)."
"/oviedo/images/brototermic-oviedo.jpg","oviedo/index.html","AMPLIAR_X2","alta","fase 1","Sala de reuniones y despacho de la delegación de BROTOTERMIC en Oviedo","Foto real de la delegación para /oviedo/ (444x293, dos fotos unidas: valorar separarlas). Se publica como /images/brototermic-oviedo.jpg. Retoque manual con IA en fase 1 (fondo neutro, nitidez), sobre la versión ampliada."
"/oviedo/images/disibent-brototermic-oviedo.jpg","oviedo/index.html","ELIMINAR","baja","","","Logo de marca en JPG (370x290). Se sustituye por el SVG oficial en el bloque de marcas; guardar como respaldo si no llegan los SVG."
"/oviedo/images/Ebm-Papst-brototermic-oviedo.jpg","oviedo/index.html","ELIMINAR","baja","","","Logo de marca en JPG (370x290). Se sustituye por el SVG oficial en el bloque de marcas; guardar como respaldo si no llegan los SVG."
"/oviedo/images/electticfor-brototermic-oviedo.jpg","oviedo/index.html","ELIMINAR","baja","","","Logo de marca en JPG (370x290). Se sustituye por el SVG oficial en el bloque de marcas; guardar como respaldo si no llegan los SVG."
"/oviedo/images/eliwell-Papst-brototermic-oviedo.jpg","oviedo/index.html","ELIMINAR","baja","","","Logo de marca en JPG (370x290). Se sustituye por el SVG oficial en el bloque de marcas; guardar como respaldo si no llegan los SVG."
"/oviedo/images/instrumentacion-brototermic-oviedo.jpg","oviedo/index.html","ELIMINAR","baja","","","Miniatura de 136x136 de la portada del .es; la landing nueva no la usa."
"/oviedo/images/logotipo-brototermic-oviedo.png","oviedo/index.html oviedo/politica-de-cookies-brototermic-oviedo.html oviedo/politica-de-privacidad-brototermic-oviedo.html","ELIMINAR","baja","","","Se usa el logo SVG general."
"/oviedo/images/mercado-aplicacion-brototermic-oviedo.jpg","oviedo/index.html","ELIMINAR","baja","","","Miniatura de 136x136 de la portada del .es; la landing nueva no la usa."
"/oviedo/images/mesel-brototermic-oviedo.jpg","oviedo/index.html","ELIMINAR","baja","","","Logo de marca en JPG (370x290). Se sustituye por el SVG oficial en el bloque de marcas; guardar como respaldo si no llegan los SVG."
"/oviedo/images/productos-a-medida-brototermic-oviedo.jpg","oviedo/index.html","ELIMINAR","baja","","","Miniatura de 136x136 de la portada del .es; la landing nueva no la usa."
"/oviedo/images/resistencias1-brototermic-oviedo.jpg","oviedo/index.html","ELIMINAR","baja","","","Miniatura de 136x136 de la portada del .es; la landing nueva no la usa."
"/oviedo/images/sanara-brototermic-oviedo.jpg","oviedo/index.html","ELIMINAR","baja","","","Logo de marca en JPG (370x290). Se sustituye por el SVG oficial en el bloque de marcas; guardar como respaldo si no llegan los SVG."
"www.brototermic.es/images/brototermic-distribuciones-insdustriales.jpg","index.html","ELIMINAR","baja","","","Dominio .es redirigido a /oviedo/. Si la imagen se reutiliza, se trabaja desde la fila de oviedo/images/."
"www.brototermic.es/images/brototermic-oviedo.jpg","index.html","ELIMINAR","baja","","","Dominio .es redirigido a /oviedo/. Si la imagen se reutiliza, se trabaja desde la fila de oviedo/images/."
"www.brototermic.es/images/disibent-brototermic-oviedo.jpg","index.html","ELIMINAR","baja","","","Dominio .es redirigido a /oviedo/. Si la imagen se reutiliza, se trabaja desde la fila de oviedo/images/."
"www.brototermic.es/images/Ebm-Papst-brototermic-oviedo.jpg","index.html","ELIMINAR","baja","","","Dominio .es redirigido a /oviedo/. Si la imagen se reutiliza, se trabaja desde la fila de oviedo/images/."
"www.brototermic.es/images/electticfor-brototermic-oviedo.jpg","index.html","ELIMINAR","baja","","","Dominio .es redirigido a /oviedo/. Si la imagen se reutiliza, se trabaja desde la fila de oviedo/images/."
"www.brototermic.es/images/eliwell-Papst-brototermic-oviedo.jpg","index.html","ELIMINAR","baja","","","Dominio .es redirigido a /oviedo/. Si la imagen se reutiliza, se trabaja desde la fila de oviedo/images/."
"www.brototermic.es/images/instrumentacion-brototermic-oviedo.jpg","index.html","ELIMINAR","baja","","","Dominio .es redirigido a /oviedo/. Si la imagen se reutiliza, se trabaja desde la fila de oviedo/images/."
"www.brototermic.es/images/logotipo-brototermic-oviedo.png","index.html politica-de-cookies-brototermic-oviedo.html politica-de-privacidad-brototermic-oviedo.html","ELIMINAR","baja","","","Dominio .es redirigido a /oviedo/. Si la imagen se reutiliza, se trabaja desde la fila de oviedo/images/."
"www.brototermic.es/images/mercado-aplicacion-brototermic-oviedo.jpg","index.html","ELIMINAR","baja","","","Dominio .es redirigido a /oviedo/. Si la imagen se reutiliza, se trabaja desde la fila de oviedo/images/."
"www.brototermic.es/images/mesel-brototermic-oviedo.jpg","index.html","ELIMINAR","baja","","","Dominio .es redirigido a /oviedo/. Si la imagen se reutiliza, se trabaja desde la fila de oviedo/images/."
"www.brototermic.es/images/productos-a-medida-brototermic-oviedo.jpg","index.html","ELIMINAR","baja","","","Dominio .es redirigido a /oviedo/. Si la imagen se reutiliza, se trabaja desde la fila de oviedo/images/."
"www.brototermic.es/images/resistencias1-brototermic-oviedo.jpg","index.html","ELIMINAR","baja","","","Dominio .es redirigido a /oviedo/. Si la imagen se reutiliza, se trabaja desde la fila de oviedo/images/."
"www.brototermic.es/images/sanara-brototermic-oviedo.jpg","index.html","ELIMINAR","baja","","","Dominio .es redirigido a /oviedo/. Si la imagen se reutiliza, se trabaja desde la fila de oviedo/images/."
