origen,destino,tipo,motivo
"*://(www.)brototermic.com/index.html","https://brototermic.com/","301","Duplicado de la portada. Usar %{THE_REQUEST} para no entrar en bucle con DirectoryIndex."
"*://(www.)brototermic.com/contacto.html","https://brototermic.com/contacto/contacto.html","301","Contacto duplicado: se conserva /contacto/contacto.html (menú y sitemap). Decisión 2026-10-09."
"*://(www.)brototermic.com/oviedo/index.html","https://brototermic.com/oviedo/","301","Duplicado de la landing de Asturias. Usar %{THE_REQUEST} (DirectoryIndex)."
"*://(www.)brototermic.com/oviedo/contacto/contacto.html","https://brototermic.com/oviedo/","301","Página antigua de la delegación: su contenido pasa a la landing /oviedo/."
"*://(www.)brototermic.com/oviedo/politica-de-privacidad-brototermic-oviedo.html","https://brototermic.com/privacidad.html","301","Legal duplicado: redirige a su equivalente. Decisión 2026-10-09."
"*://(www.)brototermic.com/oviedo/politica-de-cookies-brototermic-oviedo.html","https://brototermic.com/cookies.html","301","Legal duplicado: redirige a su equivalente. Decisión 2026-10-09."
"*://(www.)brototermic.com/oviedo/docs/catalogo-instrumentacion.pdf","https://brototermic.com/docs/catalogo-instrumentacion.pdf","301","PDF idéntico (mismo MD5) al de /docs/."
"*://(www.)brototermic.com/oviedo/docs/catalogo-resistencias-calefactoras.pdf","https://brototermic.com/docs/catalogo-Brototermic-resistencias.pdf","301","Catálogo equivalente [POR VERIFICAR con el cliente cuál es el vigente: el de /oviedo/ es de 2024 y el de /docs/ de 2021; no son idénticos]."
"*://(www.)brototermic.es/","https://brototermic.com/oviedo/","301","Unificación de dominios: el .es pasa a ser la landing de Asturias."
"*://(www.)brototermic.es/index.html","https://brototermic.com/oviedo/","301","Unificación de dominios."
"*://(www.)brototermic.es/contacto/contacto.html","https://brototermic.com/oviedo/","301","Unificación de dominios: el contacto de la delegación está en la landing /oviedo/."
"*://(www.)brototermic.es/politica-de-privacidad-brototermic-oviedo.html","https://brototermic.com/privacidad.html","301","Unificación de dominios: legal equivalente."
"*://(www.)brototermic.es/politica-de-cookies-brototermic-oviedo.html","https://brototermic.com/cookies.html","301","Unificación de dominios: legal equivalente."
"*://(www.)brototermic.es/docs/catalogo-instrumentacion.pdf","https://brototermic.com/docs/catalogo-instrumentacion.pdf","301","Unificación de dominios: PDF idéntico (mismo MD5)."
"*://(www.)brototermic.es/docs/catalogo-resistencias-calefactoras.pdf","https://brototermic.com/docs/catalogo-Brototermic-resistencias.pdf","301","Unificación de dominios [POR VERIFICAR catálogo vigente, ver fila de /oviedo/docs/]."
"*://(www.)brototermic.es/*","https://brototermic.com/oviedo/","301","Cualquier otra URL del .es (imágenes, scripts, URLs desconocidas) va a la landing de Asturias. Va después de las reglas específicas del .es."
"http://brototermic.com/*","https://brototermic.com/*","301","HTTPS forzado con 301 (hoy es 302). Mantiene la ruta."
"*://www.brototermic.com/*","https://brototermic.com/*","301","Host canónico sin www. Decisión 2026-10-09. Mantiene la ruta."
